season,Game #,Start SR,End SR,SR Change,Team SR avg,Enemy SR avg,Team Stack,Enemy Stack,Role 1,Role 2,Result,Streak,Leaver,Map,Mode,Match Time,Gold medals,Silver medals,Bronze medals,No medals,Elim,Elim_career,Elim_medal,Obj_kills,Obj_kills_career,Obj_kills_medal,Obj_time,Obj_time_career,Obj_time_medal,Dmg,Dmg_career,Dmg_medal,Heal,Heal_career,Heal_medal,Death,Death_career
3,1,2030,2048,,2059,2064,,,,,Win,1,No,,,,,,,,,,,,,,,,,,,,,,,,
3,2,2048,2071,,2045,2015,,,,,Win,2,No,,,,,,,,,,,,,,,,,,,,,,,,
3,3,2071,2098,,2054,2068,,,,,Win,3,No,,,,,,,,,,,,,,,,,,,,,,,,
3,4,2098,2076,,,,,,,,Loss,-1,My team,,,,,,,,,,,,,,,,,,,,,,,,
3,5,2076,2101,,2053,2051,,,,,Win,1,No,,,,,,,,,,,,,,,,,,,,,,,,
3,6,2101,2129,,2005,2055,,,,,Win,2,No,,,,2.0,,,,,,,,,,,,,,,,,,,,
3,7,2129,2154,,2123,2073,,,,,Win,3,No,,,,0.0,,,,,,,,,,,,,,,,,,,,
3,8,2154,2136,,2116,2136,,,,,Loss,-1,No,,,,1.0,,,,,,,,,,,,,,,,,,,,
3,9,2136,2157,,2098,2074,,,,,Win,1,No,,,,0.0,,,,,,,,,,,,,,,,,,,,
3,10,2157,2139,,2087,2022,,,,,Loss,-1,No,,,,1.0,,,,,,,,,,,,,,,,,,,,
3,11,2139,2167,,2130,2126,,,,,Win,1,No,,,,1.0,,,,,,,,,,,,,,,,,,,,
3,12,2167,2145,,2171,2154,,,,,Loss,-1,No,,,,1.0,,,,,,,,,,,,,,,,,,,,
3,13,2145,2170,,2102,2092,,,,,Win,1,No,,,,1.0,,,,,,,,,,,,,,,,,,,,
3,14,2170,2197,,2224,2225,,,,,Win,2,No,,,,2.0,,,,,,,,,,,,,,,,,,,,
3,15,2197,2179,,2209,2230,,,,,Loss,-1,No,,,,1.0,,,,,,,,,,,,,,,,,,,,
3,16,2179,2202,,2143,2158,,,,,Win,1,No,,,,1.0,,,,,,,,,,,,,,,,,,,,
3,17,2202,2225,,2178,2181,,,,,Win,2,No,,,,1.0,,,,,,,,,,,,,,,,,,,,
3,18,2225,2248,,2231,2237,,,,,Win,3,No,,,,1.0,,,,,,,,,,,,,,,,,,,,
3,19,2248,2224,,2244,2228,,,,,Loss,-1,No,,,,1.0,,,,,,,,,,,,,,,,,,,,
3,20,2224,2242,,2164,2064,,,,,Win,1,No,,,,1.0,,,,,,,,,,,,,,,,,,,,
3,21,2242,2265,,P,P,,,,,Win,2,No,,,,1.0,,,,,,,,,,,,,,,,,,,,
3,22,2265,2289,,2270,2223,,,,,Win,3,No,,,,1.0,,,,,,,,,,,,,,,,,,,,
3,23,2289,2320,,2271,2306,,,,,Win,4,No,,,,1.0,,,,,,,,,,,,,,,,,,,,
3,24,2320,2295,,2309,2251,,,,,Loss,-1,No,,,,1.0,,,,,,,,,,,,,,,,,,,,
3,25,2295,2321,,2262,2236,,,,,Win,1,No,,,,3.0,,,,,,,,,,,,,,,,,,,,
3,26,2321,2345,,2309,2306,,,,,Win,2,No,,,,1.0,,,,,,,,,,,,,,,,,,,,
3,27,2345,2323,,2402,2406,,,,,Loss,-1,No,,,,1.0,,,,,,,,,,,,,,,,,,,,
3,28,2323,2343,,2284,2282,,,,,Win,1,No,,,,1.0,,,,,,,,,,,,,,,,,,,,
3,29,2343,2362,,P,P,,,,,Win,2,No,,,,1.0,,,,,,,,,,,,,,,,,,,,
3,30,2362,2387,,2328,2284,,,,,Win,3,No,,,,1.0,,,,,,,,,,,,,,,,,,,,
3,31,2387,2413,,2392,2406,,,,,Win,4,No,,,,2.0,,,,,,,,,,,,,,,,,,,,
3,32,2413,2447,,2419,2487,,,,,Win,5,No,,,,1.0,,,,,,,,,,,,,,,,,,,,
3,33,2447,2489,,P,P,,,,,Win,6,No,,,,0.0,,,,,,,,,,,,,,,,,,,,
3,34,2489,2522,,2451,2436,,,,,Win,7,Enemy team,,,,1.0,,,,,,,,,,,,,,,,,,,,
3,35,2522,2571,,2448,2494,,,,,Win,8,No,,,,1.0,,,,,,,,,,,,,,,,,,,,
3,36,2571,2623,,2628,2601,,,,,Win,9,No,,,,1.0,,,,,,,,,,,,,,,,,,,,
3,37,2623,2597,,2567,2566,,,,,Loss,-1,No,,,,0.0,,,,,,,,,,,,,,,,,,,,
3,38,2597,2572,,2593,2582,,,,,Loss,-2,No,,,,0.0,,,,,,,,,,,,,,,,,,,,
3,39,2572,2596,,2555,2572,,,,,Win,1,No,,,,3.0,0.0,0.0,,,,,,,,,,,,,,,,,,
3,40,2596,2572,,2593,2580,,,,,Loss,-1,No,,,,1.0,0.0,3.0,,,,,,,,,,,,,,,,,,
3,41,2572,2546,,2563,2564,,,,,Loss,-2,No,,,,0.0,2.0,0.0,,,,,,,,,,,,,,,,,,
3,42,2546,2568,,2479,2469,,,,,Win,1,No,,,,0.0,1.0,0.0,,,,,,,,,,,,,,,,,,
3,43,2568,2568,,2568,2627,,,,,Draw,0,No,,,,1.0,1.0,0.0,,,,,,,,,,,,,,,,,,
3,44,2568,2593,,2572,2601,,,,,Win,1,No,,,,3.0,0.0,0.0,,,,,,,,,,,,,,,,,,
3,45,2593,2567,,2583,2599,,,,,Loss,-1,No,,,,1.0,1.0,0.0,,,,,,,,,,,,,,,,,,
3,46,2567,2595,,2472,2492,,,,,Win,1,No,,,,3.0,0.0,0.0,,,,,,,,,,,,,,,,,,
3,47,2595,2571,,2627,2588,,,,,Loss,-1,No,,,,1.0,1.0,1.0,,,,,,,,,,,,,,,,,,
3,48,2571,2596,,2692,2687,,,,,Win,1,No,,,,1.0,2.0,0.0,,,,,,,,,,,,,,,,,,
3,49,2596,2568,,2600,2592,,,,,Loss,-1,No,,,,0.0,2.0,1.0,,,,,,,,,,,,,,,,,,
3,50,2568,2586,,2548,2562,,,,,Win,1,No,,,,0.0,2.0,1.0,,,,,,,,,,,,,,,,,,
3,51,2586,2606,,2603,2584,,,,,Win,2,No,,,,2.0,1.0,0.0,,,,,,,,,,,,,,,,,,
3,52,2606,2576,,2598,2600,,,,,Loss,-1,No,,,,0.0,2.0,1.0,,,,,,,,,,,,,,,,,,
3,53,2576,2549,,2595,2576,,,,,Loss,-2,No,,,,0.0,1.0,1.0,,,,,,,,,,,,,,,,,,
3,54,2549,2516,,2567,P,,,,,Loss,-3,No,,,,1.0,0.0,3.0,,,,,,,,,,,,,,,,,,
3,55,2516,2533,,2492,2538,,,,,Win,1,No,,,,1.0,1.0,1.0,,,,,,,,,,,,,,,,,,
3,56,2533,2507,,2496,2536,,,,,Loss,-1,No,,,,1.0,1.0,1.0,,,,,,,,,,,,,,,,,,
3,57,2507,2485,,2509,2450,,,,,Loss,-2,No,,,,0.0,0.0,0.0,,,,,,,,,,,,,,,,,,
3,58,2485,2456,,2451,2484,,,,,Loss,-3,No,,,,2.0,0.0,0.0,,,,,,,,,,,,,,,,,,
3,59,2456,2428,,2403,2443,,,,,Loss,-4,No,,,,0.0,1.0,1.0,,,,,,,,,,,,,,,,,,
3,60,2428,2394,,2467,2477,,,,,Loss,-5,No,,,,0.0,2.0,2.0,,,,,,,,,,,,,,,,,,
3,61,2394,2355,,,,,,,,Loss,-6,,,,,,,,,,,,,,,,,,,,,,,,,
3,62,2355,2312,,2383,2439,,,,,Loss,-7,No,,,,2.0,0.0,1.0,,,,,,,,,,,,,,,,,,
3,63,2312,2267,,2239,2272,,,,,Loss,-8,No,,,,0.0,1.0,0.0,,,,,,,,,,,,,,,,,,
3,64,2267,2208,,2242,2246,,,,,Loss,-9,No,,,,1.0,1.0,0.0,,,,,,,,,,,,,,,,,,
3,65,2208,2144,,2180,2153,,,,,Loss,-10,No,,,,3.0,1.0,1.0,,,,,,,,,,,,,,,,,,
3,66,2144,2067,,2109,2132,,,,,Loss,-11,No,,,,0.0,2.0,1.0,,,,,,,,,,,,,,,,,,
3,67,2067,2067,,2051,2002,,,,,Draw,0,No,,,,0.0,1.0,1.0,,,,,,,,,,,,,,,,,,
3,68,2067,1997,,2054,2057,,,,,Loss,-1,No,,,,2.0,0.0,0.0,,,,,,,,,,,,,,,,,,
3,69,1997,1883,,1999,1991,,,,,Loss,-2,No,,,,1.0,2.0,0.0,,,,,,,,,,,,,,,,,,
3,70,1883,1883,,1899,1905,,,,,Loss,0,No,,,,0.0,1.0,0.0,,,,,,,,,,,,,,,,,,
3,71,1883,1903,,1894,1892,,,,,Win,1,No,,,,1.0,1.0,2.0,,,,,,,,,,,,,,,,,,
3,72,1903,1903,,1890,1899,,,,,Draw,0,No,,,,0.0,1.0,1.0,,,,,,,,,,,,,,,,,,
3,73,1903,1926,,1899,1900,,,,,Win,1,No,,,,2.0,1.0,0.0,,,,,,,,,,,,,,,,,,
3,74,1926,1948,,1874,1875,,,,,Win,2,No,,,,2.0,1.0,0.0,,,,,,,,,,,,,,,,,,
3,75,1948,1948,,1950,1910,,,,,Draw,0,No,,,,0.0,0.0,2.0,,,,,,,,,,,,,,,,,,
3,76,1948,1931,,1943,1949,,,,,Loss,-1,My team,,,,2.0,0.0,2.0,,,,,,,,,,,,,,,,,,
3,77,1931,1908,,1938,1898,,,,,Loss,-2,No,,,,1.0,1.0,0.0,,,,,,,,,,,,,,,,,,
3,78,1908,1887,,1863,1863,,,,,Loss,-3,No,,,,2.0,1.0,0.0,,,,,,,,,,,,,,,,,,
3,79,1887,1863,,1870,1886,,,,,Loss,-4,No,,,,1.0,0.0,3.0,,,,,,,,,,,,,,,,,,
3,80,1863,1832,,1850,1841,,,,,Loss,-5,No,,,,1.0,1.0,1.0,,,,,,,,,,,,,,,,,,
3,81,1832,1803,,1779,1827,,,,,Loss,-6,No,,,,1.0,0.0,1.0,,,,,,,,,,,,,,,,,,
3,82,1803,1824,,1775,1716,,,,,Win,1,No,,,,1.0,,1.0,,,,,,,,,,,,,,,,,,
3,83,1824,1847,,1834,1791,,,,,Win,2,Enemy team,,,,1.0,1.0,0.0,,,,,,,,,,,,,,,,,,
3,84,1847,1823,,1811,1816,,,,,Loss,-1,No,,,,3.0,0.0,0.0,,,,,,,,,,,,,,,,,,
3,85,1823,1848,,1831,1815,,,,,Win,1,No,,,,2.0,0.0,2.0,,,,,,,,,,,,,,,,,,
3,86,1848,1824,,P,P,,,,,Loss,-1,No,,,,0.0,0.0,1.0,,,,,,,,,,,,,,,,,,
3,87,1824,1800,,1782,1799,,,,,Loss,-2,No,,,,,,,,,,,,,,,,,,,,,,,,
3,88,1800,1819,,1780,1700,,,,,Win,1,No,,,,3.0,0.0,0.0,,,,,,,,,,,,,,,,,,
3,89,1819,1836,,1855,1863,,,,,Win,2,No,,,,1.0,0.0,1.0,,,,,,,,,,,,,,,,,,
3,90,1836,1863,,1812,1815,,,,,Win,3,No,,,,1.0,0.0,0.0,,,,,,,,,,,,,,,,,,
3,91,1863,1883,,1931,P,,,,,Win,4,No,,,,0.0,2.0,2.0,,,,,,,,,,,,,,,,,,
3,92,1883,1862,,1861,1884,,,,,Loss,-1,No,,,,2.0,2.0,0.0,,,,,,,,,,,,,,,,,,
3,93,1862,1891,,1887,1894,,,,,Win,1,No,,,,1.0,0.0,1.0,,,,,,,,,,,,,,,,,,
3,94,1891,1916,,P,P,,,,,Win,2,No,,,,1.0,0.0,1.0,,,,,,,,,,,,,,,,,,
3,95,1916,1916,,1865,1804,,,,,Draw,0,No,,,,2.0,0.0,1.0,,,,,,,,,,,,,,,,,,
3,96,1916,1939,,1889,1884,,,,,Win,1,No,,,,2.0,1.0,0.0,,,,,,,,,,,,,,,,,,
3,97,1939,1963,,1949,1925,,,,,Win,2,No,,,,1.0,0.0,1.0,,,,,,,,,,,,,,,,,,
3,98,1963,1943,,1926,1921,,,,,Loss,-1,No,,,,1.0,1.0,1.0,,,,,,,,,,,,,,,,,,
3,99,1943,1943,,1932,1891,,,,,Draw,0,No,,,,3.0,0.0,1.0,,,,,,,,,,,,,,,,,,
3,100,1943,1919,,1960,1921,,,,,Loss,-1,No,,,,2.0,1.0,1.0,,,,,,,,,,,,,,,,,,
3,101,1919,1943,,P,1886,,,,,Win,1,No,,,,2.0,1.0,1.0,,,,,,,,,,,,,,,,,,
3,102,1943,1919,,1925,1892,,,,,Loss,-1,No,,,,3.0,0.0,0.0,,,,,,,,,,,,,,,,,,
3,103,1919,1892,,1897,1877,,,,,Loss,-2,No,,,,1.0,1.0,1.0,,,,,,,,,,,,,,,,,,
3,104,1892,1870,,1886,1898,,,,,Loss,-3,No,,,,0.0,1.0,0.0,,,,,,,,,,,,,,,,,,
3,105,1870,1846,,1858,1826,,,,,Loss,-4,No,,,,2.0,1.0,1.0,,,,,,,,,,,,,,,,,,
3,106,1846,1809,,1840,1831,,,,,Loss,-5,No,,,,1.0,1.0,2.0,,,,,,,,,,,,,,,,,,
3,107,1809,1768,,1775,1748,,,,,Loss,-6,No,,,,0.0,1.0,0.0,,,,,,,,,,,,,,,,,,
3,108,1768,1787,,1788,1746,,,,,Win,1,Enemy team,,,,2.0,2.0,1.0,,,,,,,,,,,,,,,,,,
3,109,1787,1807,,1817,1747,,,,,Win,2,Enemy team,,,,3.0,0.0,0.0,,,,,,,,,,,,,,,,,,
3,110,1807,1834,,1817,1725,,,,,Win,3,Enemy team,,,,1.0,0.0,1.0,,,,,,,,,,,,,,,,,,
3,111,1834,1807,,1825,1814,,,,,Loss,-1,No,,,,1.0,0.0,0.0,,,,,,,,,,,,,,,,,,
3,112,1807,1826,,1830,P,,,,,Win,1,No,,,,0.0,2.0,0.0,,,,,,,,,,,,,,,,,,
3,113,1826,1851,,1786,1804,,,,,Win,2,No,,,,0.0,1.0,0.0,,,,,,,,,,,,,,,,,,
3,114,1851,1828,,1838,1774,,,,,Loss,-1,No,,,,1.0,0.0,0.0,,,,,,,,,,,,,,,,,,
3,115,1828,1828,,1776,1764,,,,,Draw,0,No,,,,2.0,1.0,0.0,,,,,,,,,,,,,,,,,,
3,116,1828,1853,,1669,P,,,,,Win,1,No,,,,3.0,0.0,1.0,,,,,,,,,,,,,,,,,,
3,117,1853,1874,,1818,1764,,,,,Win,2,No,,,,,,,,,,,,,,,,,,,,,,,,
3,118,1874,1849,,1843,1852,,,,,Loss,-1,No,,,,1.0,2.0,0.0,,,,,,,,,,,,,,,,,,
4,1,1555,1595,40.0,1522.0,1523.0,,,,,Win,1,No,,,,1.0,0.0,1.0,,,,,,,,,,,,,,,,,,
4,2,1595,1583,-12.0,1595.0,1639.0,,,,,Loss,-1,No,,,,3.0,0.0,0.0,,,,,,,,,,,,,,,,,,
4,3,1583,1620,37.0,,,,,,,Win,1,Enemy team,,,,1.0,1.0,0.0,,,,,,,,,,,,,,,,,,
4,4,1620,1658,38.0,1686.0,1631.0,,,,,Win,2,No,,,,0.0,1.0,0.0,,,,,,,,,,,,,,,,,,
4,5,1658,1658,0.0,1610.0,1626.0,,,,,Draw,0,No,,,,0.0,1.0,1.0,,,,,,,,,,,,,,,,,,
4,6,1658,1698,40.0,1625.0,1631.0,,,,,Win,1,No,,,,2.0,1.0,0.0,,,,,,,,,,,,,,,,,,
4,7,1698,1749,51.0,1654.0,1740.0,,,,,Win,2,No,,,,1.0,1.0,3.0,,,,,,,,,,,,,,,,,,
4,8,1749,1803,54.0,1724.0,1694.0,,,,,Win,3,No,,,,1.0,2.0,0.0,,,,,,,,,,,,,,,,,,
4,9,1803,1859,56.0,1813.0,1815.0,,,,,Win,4,No,,,,0.0,0.0,0.0,,,,,,,,,,,,,,,,,,
4,10,1859,1936,77.0,1844.0,1797.0,,,,,Win,5,No,,,,1.0,1.0,1.0,,,,,,,,,,,,,,,,,,
4,11,1936,1914,-22.0,1767.0,1759.0,,,,,Loss,-1,No,,,,0.0,1.0,0.0,,,,,,,,,,,,,,,,,,
4,12,1914,1944,30.0,1829.0,1826.0,,,,,Win,1,No,,,,0.0,1.0,0.0,,,,,,,,,,,,,,,,,,
4,13,1944,1921,-23.0,1888.0,1881.0,,,,,Loss,-1,No,,,,0.0,2.0,1.0,,,,,,,,,,,,,,,,,,
4,14,1921,1904,-17.0,1869.0,1871.0,,,,,Loss,-2,No,,,,1.0,1.0,0.0,,,,,,,,,,,,,,,,,,
4,15,1904,1882,-22.0,1864.0,1876.0,,,,,Loss,-3,No,,,,2.0,1.0,0.0,,,,,,,,,,,,,,,,,,
4,16,1882,1858,-24.0,1832.0,1813.0,,,,,Loss,-4,No,,,,1.0,0.0,0.0,,,,,,,,,,,,,,,,,,
4,17,1858,1826,-32.0,1789.0,1795.0,,,,,Loss,-5,No,,,,1.0,0.0,1.0,,,,,,,,,,,,,,,,,,
4,18,1826,1857,31.0,1743.0,1824.0,,,,,Win,1,No,,,,2.0,0.0,1.0,,,,,,,,,,,,,,,,,,
4,19,1857,1857,0.0,1796.0,1766.0,,,,,Draw,0,No,,,,0.0,0.0,3.0,,,,,,,,,,,,,,,,,,
4,20,1857,1886,29.0,1757.0,1773.0,,,,,Win,1,No,,,,1.0,0.0,0.0,,,,,,,,,,,,,,,,,,
4,21,1886,1867,-19.0,1830.0,1826.0,,,,,Loss,-1,No,,,,0.0,0.0,0.0,,,,,,,,,,,,,,,,,,
4,22,1867,1897,30.0,1822.0,1766.0,,,,,Win,1,No,,,,1.0,0.0,0.0,,,,,,,,,,,,,,,,,,
4,23,1897,1897,0.0,1867.0,1844.0,,,,,Draw,0,No,,,,1.0,0.0,0.0,,,,,,,,,,,,,,,,,,
4,24,1897,1897,0.0,1885.0,1902.0,,,,,Draw,0,No,,,,2.0,0.0,2.0,,,,,,,,,,,,,,,,,,
4,25,1897,1924,27.0,1810.0,1838.0,,,,,Win,1,Enemy team,,,,1.0,0.0,1.0,,,,,,,,,,,,,,,,,,
4,26,1924,1905,-19.0,1815.0,1801.0,,,,,Loss,-1,No,,,,0.0,0.0,2.0,,,,,,,,,,,,,,,,,,
4,27,1905,1934,29.0,1806.0,1761.0,,,,,Win,1,No,,,,1.0,0.0,1.0,,,,,,,,,,,,,,,,,,
4,28,1934,1913,-21.0,1944.0,1922.0,,,,,Loss,-1,No,,,,1.0,2.0,0.0,,,,,,,,,,,,,,,,,,
4,29,1913,1943,30.0,1861.0,1837.0,,,,,Win,1,Enemy team,,,,0.0,1.0,1.0,,,,,,,,,,,,,,,,,,
4,30,1943,1919,-24.0,1837.0,1841.0,,,,,Loss,-1,No,,,,1.0,1.0,1.0,,,,,,,,,,,,,,,,,,
4,31,1919,1945,26.0,1901.0,1839.0,,,,,Win,1,No,,,,0.0,2.0,0.0,,,,,,,,,,,,,,,,,,
4,32,1945,1976,31.0,1853.0,1823.0,,,,,Win,2,No,,,,0.0,2.0,0.0,,,,,,,,,,,,,,,,,,
4,33,1976,1956,-20.0,1926.0,1899.0,,,,,Loss,-1,No,,,,1.0,1.0,1.0,,,,,,,,,,,,,,,,,,
4,34,1956,1927,-29.0,1873.0,1838.0,,,,,Loss,-2,No,,,,0.0,0.0,1.0,,,,,,,,,,,,,,,,,,
4,35,1927,1902,-25.0,1845.0,1824.0,,,,,Loss,-3,No,,,,2.0,1.0,0.0,,,,,,,,,,,,,,,,,,
4,36,1902,1925,23.0,1825.0,1748.0,,,,,Win,1,No,,,,0.0,0.0,2.0,,,,,,,,,,,,,,,,,,
4,37,1925,1953,28.0,1878.0,1870.0,,,,,Win,2,No,,,,0.0,3.0,0.0,,,,,,,,,,,,,,,,,,
4,38,1953,1931,-22.0,1871.0,1827.0,,,,,Loss,-1,No,,,,0.0,1.0,1.0,,,,,,,,,,,,,,,,,,
4,39,1931,1952,21.0,1870.0,1827.0,,,,,Win,1,No,,,,1.0,0.0,0.0,,,,,,,,,,,,,,,,,,
4,40,1952,1978,26.0,1890.0,1863.0,,,,,Win,2,No,,,,1.0,0.0,0.0,,,,,,,,,,,,,,,,,,
4,41,1978,2009,31.0,1928.0,1921.0,,,,,Win,3,Enemy team,,,,0.0,2.0,0.0,,,,,,,,,,,,,,,,,,
4,42,2009,1990,-19.0,1892.0,2001.0,,,,,Loss,-1,No,,,,1.0,0.0,0.0,,,,,,,,,,,,,,,,,,
4,43,1990,2015,25.0,1926.0,1949.0,,,,,Win,1,Enemy team,,,,2.0,1.0,1.0,,,,,,,,,,,,,,,,,,
4,44,2015,2039,24.0,1919.0,1915.0,,,,,Win,2,No,,,,1.0,0.0,1.0,,,,,,,,,,,,,,,,,,
4,45,2039,2070,31.0,1953.0,1981.0,,,,,Win,3,No,,,,2.0,1.0,2.0,,,,,,,,,,,,,,,,,,
4,46,2070,2107,37.0,2030.0,1986.0,,,,,Win,4,No,,,,1.0,1.0,1.0,,,,,,,,,,,,,,,,,,
4,47,2107,2143,36.0,2006.0,2073.0,,,,,Win,5,No,,,,0.0,1.0,1.0,,,,,,,,,,,,,,,,,,
4,48,2143,2196,53.0,2052.0,1996.0,,,,,Win,6,No,,,,1.0,2.0,0.0,,,,,,,,,,,,,,,,,,
4,49,2196,2259,63.0,2088.0,2061.0,,,,,Win,7,No,,,,2.0,1.0,0.0,,,,,,,,,,,,,,,,,,
4,50,2259,2321,62.0,2205.0,2179.0,,,,,Win,8,No,,,,0.0,1.0,1.0,,,,,,,,,,,,,,,,,,
4,51,2321,2385,64.0,2233.0,2204.0,,,,,Win,9,No,,,,0.0,1.0,0.0,,,,,,,,,,,,,,,,,,
4,52,2385,2362,-23.0,2330.0,2262.0,,,,,Loss,-1,No,,,,1.0,3.0,0.0,,,,,,,,,,,,,,,,,,
4,53,2362,2333,-29.0,2293.0,2319.0,,,,,Loss,-2,No,,,,0.0,1.0,0.0,,,,,,,,,,,,,,,,,,
4,54,2333,2304,-29.0,2220.0,2188.0,,,,,Loss,-3,Enemy team,,,,1.0,2.0,1.0,,,,,,,,,,,,,,,,,,
4,55,2304,2267,-37.0,2295.0,2234.0,,,,,Loss,-4,No,,,,1.0,1.0,2.0,,,,,,,,,,,,,,,,,,
4,56,2267,2267,0.0,2182.0,2184.0,,,,,Draw,0,No,,,,1.0,2.0,2.0,,,,,,,,,,,,,,,,,,
4,57,2267,2221,-46.0,2186.0,2203.0,,,,,Loss,-1,No,,,,1.0,0.0,0.0,,,,,,,,,,,,,,,,,,
4,58,2221,2180,-41.0,2238.0,2176.0,,,,,Loss,-2,No,,,,3.0,1.0,0.0,,,,,,,,,,,,,,,,,,
4,59,2180,2205,25.0,2146.0,2105.0,,,,,Win,1,No,,,,0.0,2.0,1.0,,,,,,,,,,,,,,,,,,
4,60,2205,2180,-25.0,2120.0,2118.0,,,,,Loss,-1,No,,,,0.0,2.0,0.0,,,,,,,,,,,,,,,,,,
4,61,2180,2202,22.0,2149.0,2125.0,,,,,Win,1,No,,,,1.0,1.0,1.0,,,,,,,,,,,,,,,,,,
4,62,2202,2226,24.0,2150.0,2100.0,,,,,Win,2,No,,,,0.0,1.0,2.0,,,,,,,,,,,,,,,,,,
4,63,2226,2226,0.0,2162.0,2126.0,,,,,Draw,0,No,,,,2.0,0.0,1.0,,,,,,,,,,,,,,,,,,
4,64,2226,2255,29.0,2166.0,2176.0,,,,,Win,1,No,,,,2.0,1.0,0.0,,,,,,,,,,,,,,,,,,
4,65,2255,2282,27.0,2219.0,2152.0,,,,,Win,2,No,,,,0.0,2.0,1.0,,,,,,,,,,,,,,,,,,
4,66,2282,2258,-24.0,2206.0,2242.0,,,,,Loss,-1,No,,,,2.0,1.0,1.0,,,,,,,,,,,,,,,,,,
4,67,2258,2282,24.0,2197.0,2170.0,,,,,Win,1,No,,,,1.0,1.0,2.0,,,,,,,,,,,,,,,,,,
4,68,2282,2300,18.0,2250.0,2260.0,,,,,Win,2,No,,,,1.0,0.0,0.0,,,,,,,,,,,,,,,,,,
4,69,2300,2323,23.0,2273.0,2203.0,,,,,Win,3,No,,,,1.0,1.0,2.0,,,,,,,,,,,,,,,,,,
4,70,2323,2349,26.0,2238.0,2210.0,,,,,Win,4,No,,,,1.0,3.0,1.0,,,,,,,,,,,,,,,,,,
4,71,2349,2376,27.0,2314.0,2294.0,,,,,Win,5,No,,,,1.0,0.0,0.0,,,,,,,,,,,,,,,,,,
4,72,2376,2350,-26.0,2328.0,2355.0,,,,,Loss,-1,No,,,,1.0,1.0,2.0,,,,,,,,,,,,,,,,,,
4,73,2350,2324,-26.0,2297.0,2280.0,,,,,Loss,-2,No,,,,1.0,0.0,1.0,,,,,,,,,,,,,,,,,,
4,74,2324,2296,-28.0,2287.0,2204.0,,,,,Loss,-3,No,,,,1.0,1.0,2.0,,,,,,,,,,,,,,,,,,
4,75,2296,2296,0.0,2246.0,2249.0,,,,,Draw,0,No,,,,0.0,2.0,0.0,,,,,,,,,,,,,,,,,,
4,76,2296,2270,-26.0,2259.0,2201.0,,,,,Loss,-1,No,,,,1.0,3.0,0.0,,,,,,,,,,,,,,,,,,
4,77,2270,2292,22.0,2230.0,2126.0,,,,,Win,1,No,,,,2.0,0.0,1.0,,,,,,,,,,,,,,,,,,
4,78,2292,2315,23.0,2292.0,2234.0,,,,,Win,2,No,,,,0.0,2.0,0.0,,,,,,,,,,,,,,,,,,
4,79,2315,2337,22.0,2293.0,2232.0,,,,,Win,3,No,,,,0.0,1.0,0.0,,,,,,,,,,,,,,,,,,
4,80,2337,2365,28.0,2301.0,2289.0,,,,,Win,4,No,,,,1.0,1.0,0.0,,,,,,,,,,,,,,,,,,
4,81,2365,2365,0.0,2320.0,2321.0,,,,,Draw,0,My team,,,,1.0,0.0,0.0,,,,,,,,,,,,,,,,,,
4,82,2365,2398,33.0,2375.0,2354.0,,,,,Win,1,No,,,,0.0,1.0,0.0,,,,,,,,,,,,,,,,,,
4,83,2398,2429,31.0,2381.0,2442.0,,,,,Win,2,No,,,,1.0,0.0,0.0,,,,,,,,,,,,,,,,,,
4,84,2429,2403,-26.0,2379.0,2418.0,,,,,Loss,-1,No,,,,0.0,0.0,3.0,,,,,,,,,,,,,,,,,,
4,85,2403,2425,22.0,2416.0,2406.0,,,,,Win,1,No,,,,0.0,1.0,2.0,,,,,,,,,,,,,,,,,,
4,86,2425,2399,-26.0,2355.0,2383.0,,,,,Loss,-1,No,,,,1.0,0.0,1.0,,,,,,,,,,,,,,,,,,
4,87,2399,2421,22.0,2347.0,2405.0,,,,,Win,1,No,,,,1.0,1.0,1.0,,,,,,,,,,,,,,,,,,
4,88,2421,2395,-26.0,2363.0,2402.0,,,,,Loss,-1,No,,,,0.0,1.0,1.0,,,,,,,,,,,,,,,,,,
4,89,2395,2421,26.0,2305.0,2279.0,,,,,Win,1,No,,,,0.0,1.0,1.0,,,,,,,,,,,,,,,,,,
4,90,2421,2444,23.0,2386.0,2384.0,,,,,Win,2,No,,,,2.0,0.0,1.0,,,,,,,,,,,,,,,,,,
4,91,2444,2444,0.0,2400.0,2342.0,,,,,Draw,0,No,,,,1.0,0.0,0.0,,,,,,,,,,,,,,,,,,
4,92,2444,2468,24.0,2373.0,2384.0,,,,,Win,1,No,,,,1.0,1.0,0.0,,,,,,,,,,,,,,,,,,
4,93,2468,2495,27.0,2402.0,2418.0,,,,,Win,2,No,,,,1.0,0.0,0.0,,,,,,,,,,,,,,,,,,
4,94,2495,2525,30.0,2446.0,2440.0,,,,,Win,3,No,,,,1.0,0.0,1.0,,,,,,,,,,,,,,,,,,
4,95,2525,2494,-31.0,2507.0,2503.0,,,,,Loss,-1,No,,,,0.0,1.0,0.0,,,,,,,,,,,,,,,,,,
4,96,2494,2516,22.0,2484.0,2462.0,,,,,Win,1,No,,,,2.0,1.0,0.0,,,,,,,,,,,,,,,,,,
4,97,2516,2542,26.0,2501.0,2509.0,,,,,Win,2,No,,,,0.0,2.0,0.0,,,,,,,,,,,,,,,,,,
4,98,2542,2515,-27.0,2583.0,2546.0,,,,,Loss,-1,No,,,,0.0,2.0,0.0,,,,,,,,,,,,,,,,,,
4,99,2515,2491,-24.0,2432.0,2450.0,,,,,Loss,-2,No,,,,1.0,0.0,0.0,,,,,,,,,,,,,,,,,,
4,100,2491,2460,-31.0,2401.0,2372.0,,,,,Loss,-3,No,,,,1.0,0.0,1.0,,,,,,,,,,,,,,,,,,
4,101,2460,2427,-33.0,2458.0,2436.0,,,,,Loss,-4,No,,,,0.0,1.0,0.0,,,,,,,,,,,,,,,,,,
4,102,2427,2450,23.0,2337.0,2353.0,,,,,Win,1,No,,,,0.0,1.0,0.0,,,,,,,,,,,,,,,,,,
4,103,2450,2428,-22.0,2403.0,2444.0,,,,,Loss,-1,No,,,,1.0,0.0,0.0,,,,,,,,,,,,,,,,,,
4,104,2428,2408,-20.0,2424.0,2386.0,,,,,Loss,-2,No,,,,1.0,2.0,0.0,,,,,,,,,,,,,,,,,,
4,105,2408,2385,-23.0,2411.0,2409.0,,,,,Loss,-3,No,,,,2.0,1.0,0.0,,,,,,,,,,,,,,,,,,
4,106,2385,2413,28.0,2314.0,2308.0,,,,,Win,1,No,,,,1.0,1.0,1.0,,,,,,,,,,,,,,,,,,
4,107,2413,2435,22.0,2346.0,2363.0,,,,,Win,2,No,,,,2.0,1.0,,,,,,,,,,,,,,,,,,,
4,108,2435,2457,22.0,2418.0,2341.0,,,,,Win,3,No,,,,1.0,1.0,1.0,,,,,,,,,,,,,,,,,,
4,109,2457,2435,-22.0,2466.0,2421.0,,,,,Loss,-1,No,,,,1.0,1.0,2.0,,,,,,,,,,,,,,,,,,
4,110,2435,2409,-26.0,2385.0,2389.0,,,,,Loss,-2,No,,,,0.0,1.0,0.0,,,,,,,,,,,,,,,,,,
4,111,2409,2432,23.0,2395.0,2372.0,,,,,Win,1,No,,,,1.0,1.0,0.0,,,,,,,,,,,,,,,,,,
4,112,2432,2409,-23.0,2429.0,2367.0,,,,,Loss,-1,No,,,,1.0,1.0,1.0,,,,,,,,,,,,,,,,,,
4,113,2409,2433,24.0,2407.0,2406.0,,,,,Win,1,No,,,,0.0,1.0,1.0,,,,,,,,,,,,,,,,,,
4,114,2433,2458,25.0,2369.0,2299.0,,,,,Win,2,No,,,,1.0,0.0,1.0,,,,,,,,,,,,,,,,,,
4,115,2458,2458,0.0,2450.0,2380.0,,,,,Draw,0,No,,,,0.0,2.0,2.0,,,,,,,,,,,,,,,,,,
4,116,2458,2472,14.0,2446.0,2491.0,,,,,Win,1,No,,,,1.0,0.0,0.0,,,,,,,,,,,,,,,,,,
4,117,2472,2446,-26.0,2463.0,2428.0,,,,,Loss,-1,No,,,,0.0,1.0,0.0,,,,,,,,,,,,,,,,,,
4,118,2446,2469,23.0,2433.0,2431.0,,,,,Win,1,No,,,,1.0,0.0,0.0,,,,,,,,,,,,,,,,,,
4,119,2469,2488,19.0,2465.0,2432.0,,,,,Win,2,No,,,,0.0,1.0,0.0,,,,,,,,,,,,,,,,,,
4,120,2488,2516,28.0,2451.0,2439.0,,,,,Win,3,No,,,,1.0,2.0,0.0,,,,,,,,,,,,,,,,,,
4,121,2516,2489,-27.0,2470.0,2472.0,,,,,Loss,-1,No,,,,0.0,0.0,1.0,,,,,,,,,,,,,,,,,,
4,122,2489,2464,-25.0,2425.0,2441.0,,,,,Loss,-2,No,,,,1.0,2.0,2.0,,,,,,,,,,,,,,,,,,
4,123,2464,2439,-25.0,2408.0,2406.0,,,,,Loss,-3,No,,,,1.0,1.0,0.0,,,,,,,,,,,,,,,,,,
4,124,2439,2408,-31.0,2416.0,2415.0,,,,,Loss,-4,No,,,,1.0,0.0,0.0,,,,,,,,,,,,,,,,,,
4,125,2408,2431,23.0,2362.0,2395.0,,,,,Win,1,No,,,,1.0,0.0,1.0,,,,,,,,,,,,,,,,,,
4,126,2431,2456,25.0,2404.0,2377.0,,,,,Win,2,No,,,,1.0,1.0,0.0,,,,,,,,,,,,,,,,,,
4,127,2456,2433,-23.0,2449.0,2412.0,,,,,Loss,-1,No,,,,0.0,2.0,1.0,,,,,,,,,,,,,,,,,,
4,128,2433,2410,-23.0,2406.0,2401.0,,,,,Loss,-2,No,,,,1.0,2.0,1.0,,,,,,,,,,,,,,,,,,
4,129,2410,2435,25.0,2406.0,2394.0,,,,,Win,1,No,,,,1.0,1.0,1.0,,,,,,,,,,,,,,,,,,
4,130,2435,2414,-21.0,2351.0,2383.0,,,,,Loss,-1,No,,,,1.0,2.0,0.0,,,,,,,,,,,,,,,,,,
4,131,2414,2390,-24.0,2414.0,2417.0,,,,,Loss,-2,No,,,,1.0,0.0,0.0,,,,,,,,,,,,,,,,,,
4,132,2390,2414,24.0,2363.0,2332.0,,,,,Win,1,No,,,,1.0,0.0,0.0,,,,,,,,,,,,,,,,,,
4,133,2414,2437,23.0,2343.0,2427.0,,,,,Win,2,No,,,,2.0,0.0,0.0,,,,,,,,,,,,,,,,,,
4,134,2437,2462,25.0,2419.0,2413.0,,,,,Win,3,No,,,,0.0,2.0,1.0,,,,,,,,,,,,,,,,,,
4,135,2462,2497,35.0,2465.0,2446.0,,,,,Win,4,No,,,,0.0,2.0,0.0,,,,,,,,,,,,,,,,,,
4,136,2497,2474,-23.0,2458.0,2447.0,,,,,Loss,-1,No,,,,0.0,2.0,1.0,,,,,,,,,,,,,,,,,,
4,137,2474,2448,-26.0,2469.0,2394.0,,,,,Loss,-2,No,,,,1.0,1.0,0.0,,,,,,,,,,,,,,,,,,
4,138,2448,2465,17.0,2398.0,2374.0,,,,,Win,1,No,,,,0.0,0.0,1.0,,,,,,,,,,,,,,,,,,
4,139,2465,2441,-24.0,2433.0,2466.0,,,,,Loss,-1,No,,,,0.0,0.0,2.0,,,,,,,,,,,,,,,,,,
4,140,2441,2465,24.0,2425.0,2393.0,,,,,Win,1,No,,,,2.0,0.0,1.0,,,,,,,,,,,,,,,,,,
4,141,2465,2486,21.0,2456.0,2419.0,,,,,Win,2,No,,,,0.0,2.0,0.0,,,,,,,,,,,,,,,,,,
4,142,2486,2464,-22.0,2442.0,2422.0,,,,,Loss,-1,No,,,,0.0,2.0,0.0,,,,,,,,,,,,,,,,,,
4,143,2464,2438,-26.0,2441.0,2478.0,,,,,Loss,-2,No,,,,1.0,0.0,0.0,,,,,,,,,,,,,,,,,,
4,144,2438,2462,24.0,2390.0,2338.0,,,,,Win,1,No,,,,0.0,1.0,0.0,,,,,,,,,,,,,,,,,,
4,145,2462,2433,-29.0,2476.0,2424.0,,,,,Loss,-1,No,,,,,,,,,,,,,,,,,,,,,,,,
4,146,2433,2457,24.0,2418.0,2374.0,,,,,Win,1,No,,,,1.0,0.0,0.0,,,,,,,,,,,,,,,,,,
4,147,2457,2482,25.0,2435.0,2457.0,,,,,Win,2,No,,,,1.0,2.0,0.0,,,,,,,,,,,,,,,,,,
4,148,2482,2460,-22.0,2435.0,2459.0,,,,,Loss,-1,No,,,,1.0,1.0,0.0,,,,,,,,,,,,,,,,,,
4,149,2460,2435,-25.0,2444.0,2467.0,,,,,Loss,-2,No,,,,1.0,0.0,0.0,,,,,,,,,,,,,,,,,,
4,150,2435,2408,-27.0,2422.0,2379.0,,,,,Loss,-3,No,,,,0.0,0.0,1.0,,,,,,,,,,,,,,,,,,
4,151,2408,2378,-30.0,2383.0,2400.0,,,,,Loss,-4,No,,,,0.0,1.0,0.0,,,,,,,,,,,,,,,,,,
4,152,2378,2346,-32.0,2328.0,2355.0,,,,,Loss,-5,No,,,,0.0,1.0,1.0,,,,,,,,,,,,,,,,,,
4,153,2346,2364,18.0,2312.0,2276.0,,,,,Win,1,No,,,,1.0,0.0,1.0,,,,,,,,,,,,,,,,,,
4,154,2364,2385,21.0,2366.0,2361.0,,,,,Win,2,No,,,,0.0,1.0,0.0,,,,,,,,,,,,,,,,,,
4,155,2385,2359,-26.0,2361.0,2312.0,,,,,Loss,-1,No,,,,0.0,1.0,0.0,,,,,,,,,,,,,,,,,,
4,156,2359,2334,-25.0,2327.0,2330.0,,,,,Loss,-2,No,,,,0.0,1.0,1.0,,,,,,,,,,,,,,,,,,
4,157,2334,2304,-30.0,2301.0,2310.0,,,,,Loss,-3,No,,,,1.0,0.0,1.0,,,,,,,,,,,,,,,,,,
4,158,2304,2269,-35.0,2234.0,2232.0,,,,,Loss,-4,No,,,,0.0,1.0,1.0,,,,,,,,,,,,,,,,,,
9,108,1806,1787,-19.0,1831,P,,,Support,,Loss,-1,No,Eichenwalde,Assault/Escort,15:08,0.0,0.0,1.0,0.0,24.0,21.8,Bronze,16.0,12.73,,01:49,01:32,,10615.0,5435.0,,9711.0,7844.0,,13.0,6.65
9,109,1787,1787,0.0,1836,1847,,,Offense,Support,Draw,0,No,Temple of Anubis,Assault,08:19,,,,,24.0,19.62,,16.0,11.34,,00:19,01:27,,5973.0,5246.0,,1958.0,6651.0,,6.0,6.97
9,110,1787,1812,25.0,1817,1818,,,Tank,,Win,1,No,Hanamura,Assault,10:42,0.0,1.0,1.0,3.0,16.0,19.59,None,4.0,11.27,None,00:39,01:27,Bronze,6959.0,5257.0,Silver,0.0,6594.0,None,5.0,6.95
9,111,1812,1841,29.0,1827,1839,,,Support,,Win,2,No,King's Row,Assault/Escort,11:29,2.0,0.0,0.0,3.0,22.0,21.89,None,16.0,12.85,Gold,01:39,01:32,None,5601.0,5448.0,None,10719.0,7851.0,Gold,8.0,6.64
9,112,1841,1866,25.0,1900,1891,4.0,3.0,Tank,Support,Win,3,No,Watchpoint: Gibraltar,Escort,05:53,0.0,2.0,0.0,3.0,16.0,19.62,None,13.0,11.35,Silver,00:35,01:27,None,2658.0,5251.0,None,2330.0,6608.0,Silver,5.0,6.96
9,113,1866,1901,35.0,1891,1896,1.0,1.0,Support,,Win,4,No,Oasis,Control,09:35,4.0,0.0,1.0,0.0,31.0,22.04,Gold,24.0,13.02,Gold,02:34,01:33,Gold,6324.0,5460.0,Bronze,9635.0,7888.0,Gold,4.0,6.61
9,114,1901,1926,25.0,1946,1960,3.0,2.0,Tank,,Win,5,No,Temple of Anubis,Assault,,0.0,1.0,0.0,4.0,,,None,,,None,,,Silver,,,None,0.0,,None,,
9,115,1926,1958,32.0,1943,1949,1.0,1.0,Support,,Win,6,No,Hanamura,Assault,12:10,4.0,0.0,0.0,1.0,28.0,22.06,Gold,20.0,13.06,Gold,01:57,01:33,Gold,5871.0,5453.0,None,10761.0,7902.0,Gold,5.0,6.58
9,116,1958,1937,-21.0,1959,1952,2.0,1.0,Support,,Loss,-1,No,King's Row,Assault/Escort,17:21,1.0,2.0,0.0,2.0,26.0,19.63,None,17.0,11.48,Silver,03:19,01:28,Silver,9429.0,5254.0,None,14541.0,6606.0,Gold,11.0,6.92
9,117,1937,1968,31.0,1945,1960,3.0,2.0,Support,,Win,1,No,King's Row,Assault/Escort,10:54,2.0,1.0,2.0,0.0,30.0,22.0,Silver,20.0,13.06,Gold,01:54,01:33,Bronze,5678.0,5454.0,Bronze,8491.0,7909.0,Gold,5.0,6.55
9,118,1968,1996,28.0,1982,2012,2.0,1.0,Support,,Win,2,No,Oasis,Control,12:05,1.0,0.0,2.0,2.0,28.0,22.03,Bronze,19.0,13.1,Bronze,02:17,01:34,None,6096.0,5450.0,None,9919.0,7915.0,Gold,9.0,6.57
9,119,1996,2023,27.0,2004,2004,2.0,2.0,Support,,Win,3,No,Eichenwalde,Assault/Escort,12:12,2.0,2.0,0.0,1.0,26.0,22.02,Silver,12.0,13.06,Gold,02:11,01:34,Silver,6200.0,5446.0,None,10821.0,7928.0,Gold,7.0,6.56
9,120,2023,2003,-20.0,2004,2016,1.0,1.0,Support,,Loss,-1,No,Hollywood,Assault/Escort,05:39,2.0,1.0,0.0,2.0,4.0,21.94,None,3.0,13.02,None,00:29,01:34,Silver,3836.0,5455.0,Gold,6673.0,7952.0,Gold,3.0,6.55
9,121,2003,2030,27.0,2000,1992,1.0,1.0,Support,,Win,1,No,Ilios,Control,12:58,0.0,2.0,0.0,3.0,21.0,15.86,None,16.0,10.02,None,03:53,01:48,Silver,5463.0,3525.0,None,9203.0,8201.0,Silver,9.0,7.98
9,122,2030,2054,24.0,2002,2012,2.0,2.0,Tank,,Win,2,No,Lijiang Tower,Control,14:17,0.0,1.0,1.0,3.0,26.0,19.66,None,18.0,11.57,Silver,02:39,01:30,Bronze,7647.0,5253.0,None,0.0,6613.0,None,13.0,6.92
9,123,2054,2081,27.0,2051,2066,1.0,2.0,Support,,Win,3,No,Route 66,Escort,08:38,4.0,0.0,0.0,1.0,28.0,22.03,Gold,22.0,13.13,Gold,02:51,01:35,Gold,4361.0,5452.0,None,5802.0,7941.0,Gold,2.0,6.51
9,124,2081,2110,29.0,2060,2028,4.0,4.0,Support,,Win,4,No,Volskaya Industries,Assault,12:27,2.0,2.0,1.0,0.0,37.0,19.83,Silver,17.0,11.67,Gold,01:15,01:30,Gold,7258.0,5258.0,Bronze,10287.0,6629.0,Silver,7.0,6.88
9,125,2110,2137,27.0,2123,2122,1.0,1.0,Support,,Win,5,No,Hanamura,Assault,12:15,1.0,3.0,0.0,1.0,29.0,19.87,Silver,18.0,11.7,Gold,01:44,01:30,Silver,5387.0,5251.0,None,9846.0,6642.0,Silver,10.0,6.89
9,126,2137,2158,21.0,2127,2123,1.0,1.0,Tank,,Win,6,No,Blizzard World,Assault/Escort,13:47,1.0,1.0,0.0,3.0,20.0,14.94,None,14.0,9.91,Gold,02:44,01:39,Silver,5269.0,4926.0,None,0.0,,None,10.0,7.18
9,127,2158,2182,24.0,2183,2182,1.0,2.0,Support,,Win,7,No,Dorado,Escort,14:56,1.0,2.0,0.0,2.0,23.0,15.67,None,14.0,9.86,Silver,02:53,01:49,Silver,4563.0,3465.0,None,11923.0,8136.0,Gold,11.0,7.92
9,128,2182,2206,24.0,2182,2157,2.0,3.0,Support,,Win,8,No,Numbani,Assault/Escort,17:34,1.0,2.0,0.0,2.0,35.0,22.18,Silver,23.0,13.2,Gold,03:43,01:35,None,10120.0,5464.0,None,15891.0,7968.0,Silver,10.0,6.5
9,129,2206,2228,22.0,2188,P,1.0,1.0,Support,,Win,9,No,Temple of Anubis,Assault,11:52,0.0,1.0,0.0,4.0,8.0,19.68,None,5.0,11.63,None,01:34,01:31,None,1047.0,5189.0,None,9731.0,6639.0,Silver,8.0,6.89
9,130,2228,2210,-18.0,2240,2237,1.0,1.0,Support,,Loss,-1,No,King's Row,Assault/Escort,20:49,3.0,1.0,0.0,1.0,60.0,19.81,Gold,38.0,11.72,Gold,04:07,01:31,Silver,13474.0,5209.0,None,14654.0,6647.0,Gold,14.0,6.89
9,131,2210,2236,26.0,2187,2181,1.0,2.0,Support,,Win,1,No,Temple of Anubis,Assault,06:24,2.0,0.0,0.0,3.0,17.0,22.35,None,9.0,13.31,Gold,00:10,01:35,None,2997.0,5483.0,None,3941.0,7945.0,Gold,3.0,6.5
9,132,2236,2236,0.0,2230,2240,1.0,1.0,Tank,,Draw,0,No,Hollywood,Assault/Escort,20:33,0.0,1.0,0.0,4.0,21.0,19.72,None,9.0,11.64,None,03:34,01:31,Silver,8143.0,5192.0,None,0.0,6558.0,None,23.0,6.94
9,133,2236,2213,-23.0,P,2233,2.0,1.0,Support,Offense,Loss,-1,No,Numbani,Assault/Escort,14:36,0.0,4.0,0.0,1.0,16.0,19.64,Silver,7.0,11.57,Silver,01:18,01:31,None,8579.0,5199.0,Silver,6336.0,6537.0,Silver,10.0,6.94
9,134,2213,2188,-25.0,2187,2179,1.0,1.0,Tank,,Loss,-2,No,Watchpoint: Gibraltar,Escort,04:46,2.0,0.0,1.0,2.0,4.0,19.6,Bronze,4.0,11.56,Gold,01:31,01:31,Gold,1873.0,5195.0,None,0.0,6516.0,None,5.0,6.95
9,135,2188,2165,-23.0,2185,2188,3.0,3.0,Offense,Tank,Loss,-3,No,Hanamura,Assault,10:43,0.0,0.0,2.0,3.0,12.0,19.55,Bronze,5.0,11.52,None,00:37,01:31,Bronze,4439.0,5188.0,None,0.0,6472.0,None,9.0,6.96
9,136,2165,2194,29.0,2168,2190,2.0,2.0,Support,,Win,1,No,Route 66,Escort,09:04,3.0,0.0,1.0,1.0,24.0,22.34,Bronze,13.0,13.27,Gold,02:19,01:35,Gold,4483.0,5475.0,None,9469.0,7978.0,Gold,4.0,6.49
9,137,2194,2218,24.0,2172,2173,1.0,2.0,Support,,Win,2,No,Dorado,Escort,15:17,2.0,2.0,0.0,1.0,36.0,19.62,Gold,18.0,11.53,Gold,02:54,01:31,Silver,11472.0,5212.0,None,9434.0,6490.0,Silver,9.0,6.94
9,138,2218,2195,-23.0,2235,2234,1.0,1.0,Support,,Loss,-1,No,Ilios,Control,14:27,0.0,2.0,1.0,2.0,18.0,19.56,None,14.0,11.52,Silver,02:28,01:32,Bronze,5703.0,5201.0,None,8672.0,6487.0,Silver,16.0,6.98
9,139,2195,2219,24.0,2220,2232,1.0,1.0,Support,,Win,1,No,Horizon Lunar Colony,Assault,15:53,1.0,0.0,0.0,4.0,18.0,19.48,None,10.0,11.47,None,00:56,01:31,None,4738.0,5181.0,None,15893.0,6525.0,Gold,13.0,6.99
9,140,2219,2244,25.0,2231,2229,2.0,2.0,Support,,Win,2,No,Oasis,Control,10:01,2.0,0.0,0.0,3.0,14.0,15.58,None,11.0,10.04,None,02:08,01:48,Gold,3056.0,3453.0,None,7242.0,8065.0,Gold,7.0,8.06
9,141,2244,2265,21.0,2245,2234,2.0,2.0,Tank,,Win,3,No,Blizzard World,Assault/Escort,14:31,1.0,1.0,0.0,3.0,28.0,14.9,None,14.0,9.49,Silver,05:20,01:51,Gold,6816.0,4832.0,None,0.0,0.0,None,9.0,7.22
9,142,2265,2246,-19.0,2269,2298,3.0,2.0,Support,,Loss,-1,No,Eichenwalde,Assault/Escort,16:08,1.0,0.0,2.0,2.0,28.0,22.16,None,16.0,13.13,Bronze,02:10,01:35,Bronze,5369.0,6451.0,None,18109.0,8006.0,Gold,9.0,6.51
9,143,2246,2221,-25.0,2218,2215,1.0,2.0,Tank,Support,Loss,-2,No,Hollywood,Assault/Escort,14:40,0.0,2.0,1.0,2.0,14.0,19.35,None,8.0,11.39,Silver,02:08,01:32,Bronze,5696.0,5136.0,None,7306.0,6506.0,Silver,16.0,7.01
9,144,2221,2250,29.0,2223,2226,3.0,2.0,Support,,Win,1,No,Eichenwalde,Assault/Escort,11:49,2.0,2.0,0.0,1.0,31.0,22.2,Gold,19.0,13.16,Gold,02:36,01:35,Silver,6140.0,5449.0,None,12139.0,8031.0,Silver,5.0,6.49
9,145,2250,2221,-29.0,P,2251,4.0,3.0,Support,,Loss,-1,No,Volskaya Industries,Assault,08:35,1.0,0.0,1.0,3.0,1.0,19.31,None,0.0,11.36,None,00:31,01:32,Bronze,1408.0,5120.0,None,5720.0,6535.0,Gold,9.0,7.01
9,146,2221,2195,-26.0,P,P,2.0,2.0,Tank,,Loss,-2,No,Junkertown,Escort,12:10,0.0,1.0,3.0,1.0,10.0,19.23,Bronze,4.0,11.31,Bronze,01:51,01:32,Silver,5795.0,5117.0,Bronze,1552.0,6497.0,None,14.0,7.04
9,147,2195,2216,21.0,2185,2185,1.0,2.0,Support,,Win,1,No,Ilios,Control,07:34,1.0,1.0,1.0,2.0,14.0,22.15,None,11.0,13.15,Gold,01:13,01:35,Bronze,3614.0,5442.0,None,4456.0,8014.0,Silver,4.0,6.49
9,148,2216,2238,22.0,2185,2185,1.0,2.0,Defense,Support,Win,2,No,Hollywood,Assault/Escort,19:46,0.0,0.0,1.0,4.0,34.0,19.21,None,16.0,11.29,None,03:31,01:32,Bronze,10261.0,5118.0,None,6498.0,6460.0,None,14.0,7.03
9,149,2238,2260,22.0,2227,2222,4.0,4.0,Defense,Support,Win,3,No,Volskaya Industries,Assault,18:03,0.0,1.0,1.0,3.0,32.0,19.2,None,22.0,11.3,None,02:49,01:33,Bronze,9602.0,5122.0,None,8310.0,6442.0,Silver,15.0,7.05
9,150,2260,2288,28.0,2249,2240,2.0,2.0,Support,,Win,4,No,Nepal,Control,14:19,2.0,1.0,1.0,1.0,34.0,19.24,Bronze,25.0,11.35,Gold,02:20,01:33,Gold,8507.0,5130.0,None,13294.0,6467.0,Silver,9.0,7.05
9,151,2288,2263,-25.0,2303,2301,1.0,1.0,Tank,Support,Loss,-1,No,Route 66,Escort,23:15,1.0,0.0,1.0,3.0,20.0,19.1,None,17.0,11.3,Bronze,04:59,01:33,Gold,8686.0,5112.0,None,1811.0,6392.0,None,21.0,7.07
9,152,2263,2289,26.0,2242,2244,2.0,2.0,Support,,Win,1,No,Blizzard World,Assault/Escort,13:26,3.0,0.0,0.0,2.0,26.0,22.15,None,19.0,13.21,Gold,02:33,01:35,Gold,5839.0,5434.0,None,11590.0,8047.0,Gold,6.0,6.46
9,153,2289,2272,-17.0,2275,2315,3.0,2.0,Support,,Loss,-1,No,Temple of Anubis,Assault,14:39,3.0,0.0,2.0,0.0,43.0,22.25,Gold,22.0,13.24,Gold,01:29,01:35,Bronze,9964.0,5453.0,Bronze,15099.0,8079.0,Gold,10.0,6.47
9,154,2272,2244,-28.0,2245,2241,1.0,1.0,Support,,Loss,-2,No,King's Row,Assault/Escort,13:13,1.0,0.0,2.0,2.0,16.0,19.14,None,9.0,11.32,Bronze,02:20,01:33,Bronze,5717.0,5116.0,None,10369.0,6454.0,Gold,11.0,7.06
9,155,2244,2223,-21.0,2249,2249,1.0,1.0,Support,Defense,Loss,-3,No,Numbani,Assault/Escort,15:34,2.0,1.0,2.0,0.0,26.0,19.12,Gold,15.0,11.31,Gold,02:27,01:33,Bronze,8564.0,5120.0,Silver,4839.0,6426.0,Bronze,12.0,7.07
9,156,2223,2245,22.0,2236,2245,3.0,2.0,Tank,,Win,1,No,Hollywood,Assault/Escort,12:33,1.0,1.0,1.0,2.0,32.0,19.17,None,24.0,11.36,Silver,04:51,01:34,Gold,6867.0,5123.0,None,2482.0,6396.0,Bronze,4.0,7.04
9,157,2245,2223,-22.0,2249,2251,1.0,1.0,Support,,Loss,-1,No,Lijiang Tower,Control,09:40,0.0,2.0,1.0,2.0,15.0,22.13,Silver,6.0,13.15,None,01:22,01:35,None,5642.0,5461.0,Bronze,7537.0,8069.0,Silver,10.0,6.52
9,158,2223,2203,-20.0,2235,2246,1.0,1.0,Tank,Support,Loss,-2,No,Volskaya Industries,Assault,07:44,4.0,1.0,0.0,0.0,11.0,19.13,Silver,5.0,11.32,Gold,00:27,01:34,Gold,4415.0,5130.0,Gold,3818.0,6397.0,Gold,7.0,7.07
9,159,2203,2182,-21.0,2171,2179,2.0,2.0,Support,Tank,Loss,-3,No,Oasis,Control,09:30,1.0,3.0,1.0,0.0,10.0,19.09,Bronze,5.0,11.29,Silver,02:41,01:34,Gold,6370.0,5139.0,Silver,3143.0,6382.0,Silver,8.0,7.08
9,160,2182,2214,32.0,2169,2173,1.0,1.0,Support,,Win,1,No,Horizon Lunar Colony,Assault,05:19,3.0,1.0,1.0,0.0,20.0,22.16,Gold,17.0,13.19,Gold,00:38,01:35,Silver,4374.0,5481.0,Bronze,3442.0,8067.0,Gold,1.0,6.51
9,161,2214,2238,24.0,2190,2184,1.0,2.0,Tank,,Win,2,No,Junkertown,Escort,11:52,2.0,1.0,0.0,2.0,29.0,15.13,Silver,23.0,10.07,Gold,04:03,01:55,Gold,7553.0,5052.0,None,0.0,0.0,None,8.0,7.41
9,162,2238,2214,-24.0,2218,2236,2.0,2.0,Tank,,Loss,-1,No,Ilios,Control,13:33,1.0,0.0,1.0,3.0,14.0,14.84,None,8.0,9.81,Bronze,02:04,01:54,Gold,6634.0,5049.0,None,0.0,0.0,None,13.0,7.56
9,163,2214,2240,26.0,2182,2181,1.0,1.0,Support,,Win,1,No,Volskaya Industries,Assault,11:16,2.0,0.0,0.0,3.0,31.0,19.17,None,19.0,11.39,Gold,00:47,01:35,None,4440.0,5148.0,None,6795.0,6297.0,Gold,4.0,7.06
9,164,2240,2266,26.0,2246,2233,2.0,3.0,Support,,Win,2,No,King's Row,Assault/Escort,15:20,0.0,4.0,1.0,0.0,39.0,19.22,Silver,25.0,11.43,Silver,02:15,01:34,Silver,10568.0,5162.0,Bronze,14117.0,6321.0,Silver,8.0,7.04
9,165,2266,2287,21.0,2253,2249,3.0,3.0,Defense,Tank,Win,3,Enemy team,Eichenwalde,Assault/Escort,16:19,0.0,1.0,2.0,2.0,36.0,19.25,Bronze,12.0,11.4,None,02:14,01:34,None,11929.0,5182.0,Silver,448.0,6271.0,Bronze,12.0,7.05
9,166,2287,2262,-25.0,2293,2263,4.0,5.0,Support,,Loss,-1,No,Lijiang Tower,Control,10:11,1.0,2.0,0.0,2.0,14.0,22.17,None,10.0,13.23,Silver,01:11,01:34,Silver,4223.0,5481.0,None,10163.0,8089.0,Gold,10.0,6.5
9,167,2262,2279,17.0,2215,2231,3.0,3.0,Defense,Tank,Win,1,No,Junkertown,Escort,14:42,0.0,0.0,0.0,5.0,23.0,19.2,None,9.0,11.36,None,01:05,01:34,None,7479.0,5176.0,None,0.0,6244.0,None,12.0,7.07
9,168,2279,2302,23.0,2339,2352,1.0,1.0,Support,,Win,2,No,Volskaya Industries,Assault,12:44,1.0,1.0,0.0,3.0,18.0,22.09,None,9.0,13.17,Silver,00:30,01:33,None,4099.0,5459.0,None,12086.0,8104.0,Gold,10.0,6.51
9,169,2302,2323,21.0,2300,2326,3.0,2.0,Support,,Win,3,No,Volskaya Industries,Assault,13:02,1.0,0.0,0.0,4.0,17.0,19.13,None,6.0,11.29,None,00:21,01:33,None,5081.0,5156.0,None,10763.0,6279.0,Gold,6.0,7.06
9,170,2323,2354,31.0,2302,2301,1.0,1.0,Support,,Win,4,No,Route 66,Escort,07:26,1.0,1.0,0.0,3.0,1.0,0.57,None,0.0,0.14,None,00:42,01:04,Silver,180.0,85.29,None,12189.0,9690.0,Gold,0.0,5.72
9,171,2354,2329,-25.0,2349,2352,1.0,1.0,Support,Defense,Loss,-1,My team,Hollywood,Assault/Escort,13:19,2.0,3.0,0.0,0.0,8.0,18.97,Silver,4.0,11.19,Gold,00:15,01:32,Silver,6265.0,5135.0,Silver,10709.0,6329.0,Gold,8.0,7.03
9,172,2329,2307,-22.0,2292,2302,2.0,2.0,Support,,Loss,-2,No,Volskaya Industries,Assault,10:39,2.0,1.0,0.0,2.0,9.0,18.92,None,6.0,11.16,Gold,01:03,01:32,Silver,3035.0,5123.0,None,8095.0,6336.0,Gold,11.0,7.05
9,173,2307,2285,-22.0,2233,2230,1.0,1.0,Tank,Support,Loss,-3,No,Watchpoint: Gibraltar,Escort,14:01,2.0,2.0,1.0,0.0,26.0,18.92,Gold,15.0,11.16,Gold,02:12,01:32,Silver,7325.0,5124.0,Bronze,7255.0,6328.0,Silver,12.0,7.06
9,174,2285,2310,25.0,2233,2212,1.0,1.0,Support,,Win,1,No,Horizon Lunar Colony,Assault,17:14,2.0,0.0,1.0,2.0,22.0,18.87,None,10.0,11.12,Bronze,01:14,01:32,Gold,5770.0,5111.0,None,16135.0,6356.0,Gold,14.0,7.07
9,175,2310,2289,-21.0,P,2316,5.0,4.0,Tank,Defense,Loss,-1,No,Eichenwalde,Assault/Escort,09:36,4.0,0.0,0.0,1.0,12.0,18.84,Gold,4.0,11.08,Gold,00:34,01:31,Gold,7334.0,5123.0,Gold,0.0,6327.0,None,8.0,7.08
9,176,2289,2261,-28.0,2286,2286,2.0,2.0,Tank,,Loss,-2,No,Route 66,Escort,06:16,0.0,1.0,0.0,4.0,7.0,18.82,None,5.0,11.07,Silver,01:10,01:32,None,2904.0,5121.0,None,1164.0,6313.0,None,6.0,7.08
9,177,2261,2237,-24.0,2244,2249,1.0,2.0,Support,Tank,Loss,-3,My team,Numbani,Assault/Escort,11:37,1.0,1.0,2.0,1.0,10.0,18.76,Bronze,5.0,11.04,None,01:02,01:31,Silver,3857.0,5112.0,Bronze,4517.0,6300.0,Gold,9.0,7.09
9,178,2237,2258,21.0,2240,2246,2.0,2.0,Tank,,Win,1,No,Oasis,Control,15:10,2.0,0.0,1.0,2.0,29.0,18.77,Bronze,20.0,11.05,Gold,03:49,01:32,Gold,7153.0,5109.0,None,0.0,6255.0,None,9.0,7.08
9,179,2258,2277,19.0,2309,2263,1.0,2.0,Defense,,Win,2,No,Horizon Lunar Colony,Assault,15:29,0.0,0.0,1.0,4.0,25.0,12.0,None,12.0,11.03,None,01:00,01:31,None,10434.0,5123.0,Bronze,0.0,6210.0,None,10.0,7.08
9,180,2277,2254,-23.0,2299,2277,3.0,3.0,Tank,,Loss,-1,No,Lijiang Tower,Control,11:05,2.0,1.0,2.0,0.0,15.0,18.73,Silver,10.0,11.02,Gold,02:19,01:32,Gold,6709.0,5129.0,Bronze,2477.0,6190.0,Bronze,7.0,7.07
9,181,2254,2235,-19.0,2248,2246,1.0,2.0,Tank,Support,Loss,-2,No,Eichenwalde,Assault/Escort,13:12,1.0,2.0,2.0,0.0,30.0,18.76,Bronze,20.0,11.05,Gold,04:13,01:32,Silver,7681.0,5133.0,Bronze,5926.0,6180.0,Silver,8.0,7.07
9,182,2235,2214,-21.0,2246,2236,2.0,1.0,Support,,Loss,-3,No,Hanamura,Assault,06:48,2.0,2.0,0.0,1.0,6.0,18.73,Gold,2.0,11.03,Silver,00:36,01:32,Silver,3028.0,5131.0,None,6575.0,6192.0,Gold,7.0,7.08
9,183,2214,2240,26.0,2186,2179,1.0,1.0,Support,,Win,1,No,Dorado,Escort,12:28,2.0,1.0,0.0,2.0,21.0,18.71,None,16.0,11.04,Gold,02:28,01:32,Silver,5080.0,5125.0,None,8305.0,6194.0,Gold,8.0,7.08
9,184,2240,2266,26.0,2227,2228,3.0,2.0,Support,,Win,2,No,Hollywood,Assault/Escort,14:08,2.0,1.0,1.0,1.0,36.0,22.09,Bronze,26.0,13.19,Gold,02:59,01:34,Silver,7123.0,5460.0,None,11587.0,8121.0,Gold,8.0,6.48
9,185,2266,2290,24.0,2244,2237,1.0,1.0,Tank,,Win,3,No,Horizon Lunar Colony,Assault,11:13,1.0,1.0,1.0,2.0,20.0,15.22,None,10.0,9.79,Silver,01:14,01:47,Gold,5020.0,4983.0,Bronze,0.0,0.0,None,3.0,7.32
9,186,2290,2313,23.0,2294,2294,1.0,2.0,Tank,Support,Win,4,No,Temple of Anubis,Assault,19:38,2.0,0.0,1.0,2.0,27.0,18.72,None,13.0,11.04,Gold,02:16,01:32,Gold,8058.0,5114.0,None,1949.0,6131.0,Bronze,12.0,7.04
9,187,2313,2289,-24.0,2304,2299,1.0,1.0,Tank,,Loss,-1,My team,Nepal,Control,07:06,0.0,2.0,2.0,1.0,6.0,14.98,Bronze,3.0,9.57,Silver,00:20,01:44,Bronze,4135.0,5010.0,Silver,0.0,0.0,None,9.0,7.45
9,188,2289,2267,-22.0,2248,2252,1.0,1.0,Support,Tank,Loss,-2,No,Temple of Anubis,Assault,17:48,1.0,1.0,0.0,3.0,23.0,18.64,None,13.0,10.99,None,02:17,01:32,Gold,6275.0,5105.0,None,9183.0,6106.0,Silver,8.0,7.04
9,189,2267,2242,-25.0,2189,2186,1.0,1.0,Tank,,Loss,-3,No,Volskaya Industries,Assault,12:31,2.0,2.0,0.0,1.0,17.0,18.62,Silver,11.0,10.98,Gold,01:26,01:32,Gold,5890.0,5103.0,Silver,0.0,6072.0,None,8.0,7.03
9,190,2242,2267,25.0,2220,2228,2.0,3.0,Support,,Win,1,No,Ilios,Control,09:30,1.0,1.0,0.0,3.0,20.0,15.36,None,12.0,10.0,None,02:37,01:50,Silver,4611.0,3543.0,None,8568.0,8221.0,Gold,3.0,8.06
9,191,2267,2249,-18.0,2241,2239,1.0,2.0,Support,,Loss,-1,No,Blizzard World,Assault/Escort,13:30,3.0,1.0,0.0,1.0,20.0,18.61,Silver,11.0,10.97,Gold,02:20,01:32,Gold,7236.0,5105.0,None,13068.0,6107.0,Gold,10.0,7.02
9,192,2249,2266,17.0,2236,2244,2.0,2.0,Defense,Offense,Win,1,No,Watchpoint: Gibraltar,Escort,16:27,0.0,2.0,1.0,2.0,29.0,18.6,Bronze,8.0,10.92,Silver,01:28,01:32,None,11960.0,5120.0,Silver,0.0,6062.0,None,11.0,7.02
9,193,2266,2289,23.0,2226,2235,2.0,1.0,Support,,Win,2,No,Horizon Lunar Colony,Assault,09:59,0.0,1.0,2.0,2.0,24.0,18.62,None,11.0,10.93,Bronze,01:07,01:32,Bronze,5111.0,5121.0,None,7567.0,6069.0,Silver,6.0,7.02
9,194,2289,2268,-21.0,2285,2299,3.0,3.0,Support,,Loss,-1,No,Numbani,Assault/Escort,14:48,2.0,0.0,1.0,2.0,19.0,18.59,None,13.0,10.91,Gold,03:17,01:32,Bronze,5208.0,5111.0,None,15578.0,6099.0,Gold,9.0,7.01
9,195,2268,2298,30.0,2243,2237,2.0,2.0,Support,,Win,1,No,Watchpoint: Gibraltar,Escort,15:58,3.0,1.0,0.0,1.0,52.0,22.14,Silver,37.0,13.24,Gold,03:38,01:34,Gold,10820.0,5474.0,None,16810.0,8162.0,Gold,8.0,6.48
9,196,2298,2276,-22.0,2297,2283,2.0,2.0,Support,,Loss,-1,My team,Volskaya Industries,Assault,12:14,1.0,3.0,0.0,1.0,18.0,18.67,Silver,11.0,10.99,Gold,01:01,01:32,Silver,4759.0,5116.0,None,7513.0,6130.0,Silver,8.0,6.99
9,197,2276,2249,-27.0,2283,2290,2.0,2.0,Tank,,Loss,-2,No,Nepal,Control,08:37,0.0,0.0,0.0,5.0,4.0,18.61,None,1.0,10.95,None,01:02,01:32,None,3631.0,5113.0,None,0.0,6108.0,None,12.0,7.02
9,198,2249,2226,-23.0,2226,2237,3.0,3.0,Tank,,Loss,-3,My team,King's Row,Assault/Escort,11:39,1.0,0.0,1.0,3.0,7.0,18.55,None,5.0,10.92,Bronze,03:25,01:32,Gold,4286.0,5106.0,None,0.0,6078.0,None,12.0,7.04
9,199,2226,2249,23.0,2226,P,2.0,3.0,Tank,,Win,1,Enemy team,Junkertown,Escort,16:58,2.0,0.0,2.0,1.0,30.0,18.55,Bronze,22.0,10.93,Gold,05:04,01:33,Gold,7156.0,5100.0,None,2170.0,6043.0,Bronze,10.0,7.03
9,200,2249,2224,-25.0,2237,2242,2.0,2.0,Tank,,Loss,-1,No,Watchpoint: Gibraltar,Escort,09:50,0.0,1.0,0.0,4.0,9.0,11.76,None,3.0,5.73,None,01:34,01:25,Silver,5199.0,4528.0,None,0.0,0.0,None,5.0,7.84
9,201,2224,2245,21.0,2239,2254,3.0,2.0,Support,Tank,Win,1,No,Blizzard World,Assault/Escort,08:28,0.0,1.0,2.0,2.0,20.0,18.53,Bronze,3.0,10.88,Bronze,00:13,01:33,None,4154.0,5100.0,None,3711.0,6012.0,Silver,5.0,7.02
9,202,2245,2267,22.0,2249,2238,2.0,2.0,Support,,Win,2,No,Hollywood,Assault/Escort,14:01,1.0,1.0,0.0,3.0,12.0,18.47,None,8.0,10.85,None,02:22,01:33,Gold,2106.0,5079.0,None,9799.0,6018.0,Silver,12.0,7.03
9,203,2267,2293,26.0,2234,2234,2.0,2.0,Support,,Win,3,No,Oasis,Control,15:12,1.0,1.0,1.0,2.0,26.0,18.46,None,19.0,10.86,Bronze,02:01,01:33,Silver,6581.0,5075.0,None,11212.0,6028.0,Gold,12.0,7.03
9,204,2293,2316,23.0,2270,2259,4.0,4.0,Support,,Win,4,No,Lijiang Tower,Control,11:33,1.0,0.0,0.0,4.0,10.0,18.42,None,6.0,10.83,None,01:32,01:33,None,3141.0,5065.0,None,8983.0,6037.0,Gold,10.0,7.04
9,205,2316,2294,-22.0,2257,2260,2.0,1.0,Support,Tank,Loss,-1,No,Volskaya Industries,Assault,16:30,1.0,0.0,2.0,2.0,24.0,18.4,Bronze,10.0,10.8,None,01:33,01:33,Bronze,9245.0,5069.0,None,11241.0,6044.0,Gold,15.0,7.06
9,206,2294,2316,22.0,2304,2281,1.0,1.0,Tank,,Win,1,Enemy team,Junkertown,Escort,15:29,0.0,1.0,1.0,3.0,27.0,18.39,None,13.0,10.79,Bronze,03:27,01:33,Silver,6952.0,5066.0,None,0.0,6005.0,None,13.0,7.07
9,207,2316,2316,0.0,2307,2309,2.0,1.0,Support,,Draw,0,No,King's Row,Assault/Escort,20:52,4.0,0.0,0.0,1.0,44.0,22.03,Gold,25.0,13.17,Gold,03:47,01:34,Gold,11527.0,5466.0,None,20387.0,8176.0,Gold,17.0,6.56
9,208,2316,2295,-21.0,2312,2299,3.0,3.0,Support,,Loss,-1,No,Dorado,Escort,10:27,1.0,1.0,1.0,2.0,8.0,18.37,None,3.0,10.77,Silver,01:36,01:33,Bronze,2227.0,5058.0,None,8961.0,6049.0,Gold,7.0,7.07
9,209,2295,2320,25.0,2363,2362,2.0,2.0,Tank,,Win,1,No,Blizzard World,Assault/Escort,04:45,0.0,1.0,0.0,4.0,12.0,18.39,None,8.0,10.78,None,00:13,01:33,None,3263.0,5062.0,Silver,0.0,6038.0,None,3.0,7.07
9,210,2320,2301,-19.0,2287,2284,1.0,1.0,Support,,Loss,-1,No,Nepal,Control,10:31,1.0,0.0,1.0,3.0,2.0,18.32,None,1.0,10.74,None,01:06,01:33,Bronze,1588.0,5048.0,None,13417.0,6067.0,Gold,7.0,7.07
9,211,2301,2275,-26.0,2291,2298,3.0,3.0,Tank,,Loss,-2,No,Numbani,Assault/Escort,16:45,0.0,0.0,0.0,5.0,21.0,18.28,None,16.0,10.73,None,02:13,01:33,None,6595.0,5040.0,None,0.0,6027.0,None,16.0,7.09
9,212,2275,2256,-19.0,2256,2260,4.0,3.0,Support,,Loss,-3,No,Oasis,Control,14:40,3.0,1.0,0.0,1.0,34.0,22.0,Gold,21.0,13.15,Gold,02:44,01:34,Silver,9309.0,5469.0,None,17655.0,8221.0,Gold,7.0,6.55
9,213,2256,2256,0.0,2184,2182,3.0,2.0,Tank,Support,Draw,0,No,Horizon Lunar Colony,Assault,17:22,1.0,1.0,1.0,2.0,21.0,18.27,None,13.0,10.73,Silver,01:51,01:33,Gold,7064.0,5043.0,None,5085.0,6042.0,Bronze,14.0,7.09
9,214,2256,2282,26.0,2232,2232,1.0,1.0,Support,,Win,1,No,Eichenwalde,Assault/Escort,08:27,1.0,0.0,2.0,2.0,11.0,18.26,None,4.0,10.71,Bronze,00:16,01:32,Bronze,2629.0,6037.0,None,9765.0,6061.0,Gold,3.0,7.07
9,215,2282,2308,26.0,2300,2291,1.0,1.0,Support,,Win,2,No,Ilios,Control,09:44,1.0,1.0,0.0,3.0,8.0,14.35,None,6.0,9.36,None,01:50,01:52,Silver,3666.0,3526.0,None,10154.0,8529.0,Gold,5.0,7.8
9,216,2308,2330,22.0,2304,2310,1.0,1.0,Support,,Win,3,No,Route 66,Escort,23:04,1.0,0.0,0.0,4.0,21.0,18.14,None,12.0,10.65,None,04:38,01:33,None,4489.0,5005.0,None,21158.0,6106.0,Gold,13.0,7.05
9,217,2330,2304,-26.0,2280,2293,2.0,1.0,Support,,Loss,-1,No,Junkertown,Escort,09:03,1.0,2.0,1.0,1.0,11.0,21.98,Bronze,8.0,13.14,Silver,01:38,01:34,Gold,5632.0,5473.0,None,6311.0,8231.0,Silver,5.0,6.51
9,218,2304,2286,-18.0,2309,2304,1.0,1.0,Tank,,Loss,-2,No,Watchpoint: Gibraltar,Escort,05:24,1.0,3.0,0.0,1.0,6.0,15.26,Silver,4.0,9.53,Gold,01:09,01:39,Silver,3111.0,5026.0,Silver,0.0,0.0,None,5.0,7.37
9,219,2286,2311,25.0,2295,2292,2.0,2.0,Support,,Win,1,No,Hanamura,Assault,15:16,1.0,1.0,2.0,1.0,24.0,18.09,Bronze,11.0,10.61,Silver,00:55,01:32,Bronze,7140.0,5009.0,None,14760.0,6117.0,Gold,7.0,7.04
9,220,2311,2331,20.0,2320,2308,1.0,2.0,Support,,Win,2,No,Numbani,Assault/Escort,11:51,1.0,1.0,0.0,3.0,18.0,21.91,None,9.0,13.07,None,01:45,01:34,Silver,4375.0,5460.0,None,9571.0,8238.0,Gold,6.0,6.48
9,221,2331,2357,26.0,2294,P,2.0,2.0,Support,,Win,3,No,Hollywood,Assault/Escort,19:36,0.0,2.0,1.0,2.0,35.0,18.08,None,25.0,10.62,Bronze,05:59,01:33,Silver,8323.0,4998.0,None,17194.0,6147.0,Silver,17.0,7.04
9,222,2357,2377,20.0,P,2354,2.0,2.0,Support,,Win,4,No,Blizzard World,Assault/Escort,13:32,0.0,1.0,0.0,4.0,11.0,18.03,None,6.0,10.59,None,01:58,01:33,None,1741.0,4980.0,None,12336.0,6163.0,Silver,10.0,7.05
9,223,2377,2355,-22.0,2369,2359,2.0,2.0,Support,,Loss,-1,No,Temple of Anubis,Assault,12:27,1.0,2.0,0.0,2.0,13.0,17.99,None,9.0,10.57,Silver,00:58,01:33,Silver,4425.0,4973.0,None,11397.0,6177.0,Gold,10.0,7.05
9,224,2355,2333,-22.0,2348,2340,3.0,3.0,Support,,Loss,-2,No,Hanamura,Assault,09:44,1.0,1.0,0.0,3.0,8.0,17.96,None,6.0,10.56,Silver,00:30,01:33,None,2915.0,4966.0,None,9972.0,6192.0,Gold,7.0,7.05
9,225,2333,2311,-22.0,2274,2295,3.0,3.0,Support,,Loss,-3,No,Numbani,Assault/Escort,10:52,2.0,1.0,1.0,1.0,11.0,17.93,Bronze,5.0,10.53,Gold,00:35,01:32,Silver,2768.0,4957.0,None,9470.0,6203.0,Gold,10.0,7.06
9,226,2311,2338,27.0,2296,2297,1.0,2.0,Support,,Win,1,No,Lijiang Tower,Control,08:21,1.0,1.0,0.0,3.0,16.0,17.93,None,8.0,10.53,None,01:08,01:32,Silver,3211.0,4954.0,None,10801.0,6224.0,Gold,5.0,7.06
9,227,2338,2363,25.0,2357,2339,1.0,1.0,Support,,Win,2,No,Hollywood,Assault/Escort,04:47,1.0,0.0,0.0,4.0,5.0,17.92,None,3.0,10.52,None,00:10,01:32,None,343.0,4946.0,None,6871.0,6239.0,Gold,3.0,7.06
9,228,2363,2385,22.0,2348,2331,1.0,2.0,Tank,Support,Win,3,No,Oasis,Control,12:25,1.0,1.0,0.0,3.0,14.0,17.89,None,11.0,10.52,None,02:04,01:32,Gold,5174.0,4943.0,None,6346.0,6234.0,Silver,7.0,7.05
9,229,2385,2405,20.0,2338,2365,2.0,2.0,Defense,Tank,Win,4,No,Horizon Lunar Colony,Assault,08:14,0.0,2.0,2.0,1.0,20.0,17.91,Bronze,11.0,10.53,Silver,00:36,01:32,Silver,5542.0,4949.0,Bronze,0.0,6216.0,None,4.0,7.05
9,230,2405,2427,22.0,2402,2404,2.0,2.0,Tank,,Win,5,No,King's Row,Assault/Escort,22:18,0.0,1.0,0.0,4.0,29.0,17.88,None,24.0,10.53,None,07:18,01:33,Silver,9983.0,4946.0,None,0.0,6166.0,None,18.0,7.06
9,231,2427,2408,-19.0,2402,2396,2.0,2.0,Tank,,Loss,-1,No,Ilios,Control,06:43,2.0,0.0,1.0,2.0,3.0,14.97,Bronze,0.0,9.39,None,01:09,01:38,Gold,4031.0,5037.0,Gold,0.0,0.0,None,7.0,7.4
9,232,2408,2436,28.0,2422,2418,2.0,2.0,Support,,Win,1,No,Blizzard World,Assault/Escort,16:53,2.0,2.0,0.0,1.0,41.0,21.83,Silver,23.0,13.05,Gold,03:15,01:34,Silver,9770.0,5439.0,None,20723.0,8330.0,Gold,9.0,6.48
9,233,2436,2465,29.0,2406,2401,1.0,1.0,Support,,Win,2,No,Horizon Lunar Colony,Assault,11:39,2.0,1.0,1.0,1.0,52.0,22.01,Gold,28.0,13.13,Gold,01:18,01:34,None,8266.0,5452.0,Bronze,10608.0,8336.0,Silver,3.0,6.45
9,234,2465,2493,28.0,2458,2463,2.0,2.0,Support,,Win,3,No,Temple of Anubis,Assault,11:01,2.0,1.0,1.0,1.0,29.0,22.04,Gold,13.0,13.13,Silver,00:48,01:34,Bronze,6141.0,5453.0,None,11012.0,8349.0,Gold,3.0,6.43
9,235,2493,2473,-20.0,2472,2466,2.0,2.0,Support,,Loss,-1,No,Dorado,Escort,14:20,1.0,3.0,0.0,1.0,25.0,22.0,Silver,15.0,13.1,Silver,02:46,01:34,Silver,8436.0,5457.0,None,16955.0,8380.0,Gold,12.0,6.45
9,236,2473,2502,29.0,2467,2478,2.0,2.0,Support,,Win,1,No,Junkertown,Escort,14:16,4.0,0.0,0.0,1.0,43.0,22.07,Gold,35.0,13.2,Gold,04:23,01:35,Gold,7089.0,5453.0,None,6514.0,8346.0,Gold,10.0,6.45
9,237,2502,2479,-23.0,2480,2481,1.0,1.0,Support,,Loss,-1,No,Watchpoint: Gibraltar,Escort,13:17,1.0,1.0,0.0,3.0,15.0,18.06,None,5.0,10.63,Silver,01:00,01:33,None,4423.0,4963.0,None,14137.0,6258.0,Gold,13.0,7.04
9,238,2479,2455,-24.0,2460,2454,3.0,3.0,Tank,,Loss,-2,No,Eichenwalde,Assault/Escort,19:05,1.0,1.0,1.0,2.0,29.0,18.04,None,18.0,10.62,Silver,06:32,01:34,Gold,9897.0,4966.0,None,778.0,6220.0,Bronze,12.0,7.03
9,239,2455,2432,-23.0,2477,2470,2.0,2.0,Support,,Loss,-3,No,Watchpoint: Gibraltar,Escort,10:56,2.0,1.0,0.0,2.0,14.0,18.02,Silver,10.0,10.61,Gold,00:43,01:34,None,3500.0,4959.0,None,11199.0,6235.0,Gold,12.0,7.05
9,240,2432,2408,-24.0,2413,2415,3.0,3.0,Support,,Loss,-4,No,Oasis,Control,11:04,1.0,0.0,0.0,4.0,9.0,17.98,None,5.0,10.59,None,01:57,01:34,None,1601.0,4945.0,None,9167.0,6244.0,Gold,10.0,7.06
9,241,2408,2435,27.0,2391,2404,2.0,2.0,Support,,Win,1,No,Ilios,Control,15:03,1.0,1.0,0.0,3.0,21.0,17.96,None,18.0,10.6,None,03:05,01:34,Silver,4058.0,4934.0,None,14266.0,6261.0,Gold,9.0,7.05
9,242,2435,2412,-23.0,2415,2397,2.0,2.0,Support,,Loss,-1,No,Oasis,Control,07:42,1.0,1.0,0.0,3.0,8.0,17.95,None,5.0,10.59,None,01:09,01:34,Silver,3460.0,4933.0,None,7316.0,6270.0,Gold,9.0,7.07
9,243,2412,2388,-24.0,2394,2403,2.0,2.0,Support,,Loss,-2,No,Watchpoint: Gibraltar,Escort,18:45,1.0,0.0,0.0,4.0,23.0,17.91,None,9.0,10.55,None,01:46,01:34,None,3785.0,4914.0,None,19910.0,6298.0,Gold,15.0,7.07
9,244,2388,2369,-19.0,2372,2375,1.0,1.0,Support,,Loss,-3,No,Nepal,Control,06:31,1.0,1.0,2.0,1.0,7.0,13.82,Silver,3.0,8.95,Bronze,00:26,01:44,Bronze,3008.0,3420.0,None,7691.0,8543.0,Gold,5.0,7.83
9,245,2369,2341,-28.0,2357,2362,1.0,1.0,Support,,Loss,-4,No,Temple of Anubis,Assault,08:00,0.0,2.0,0.0,3.0,2.0,17.85,None,0.0,10.51,None,00:32,01:34,Silver,1215.0,4905.0,None,5223.0,6312.0,Silver,9.0,7.08
9,246,2341,2363,22.0,2354,2345,2.0,3.0,Tank,,Win,1,No,Dorado,Escort,15:54,0.0,2.0,0.0,3.0,28.0,17.85,None,13.0,10.5,Silver,03:22,01:34,Silver,10488.0,4914.0,None,0.0,6277.0,None,8.0,7.07
9,247,2363,2383,20.0,2356,2344,2.0,2.0,Tank,,Win,2,No,Hollywood,Assault/Escort,20:57,1.0,0.0,0.0,4.0,23.0,17.8,None,11.0,10.46,None,05:22,01:34,Gold,8585.0,4909.0,None,0.0,6234.0,None,22.0,7.1
9,248,2383,2402,19.0,2362,2342,2.0,2.0,Tank,,Win,3,No,King's Row,Assault/Escort,16:29,1.0,0.0,1.0,3.0,24.0,17.79,None,16.0,10.46,Bronze,03:41,01:34,Gold,9344.0,4914.0,None,9.0,6200.0,None,10.0,7.09
9,249,2402,2421,19.0,2404,2414,3.0,3.0,Defense,Tank,Win,4,No,Horizon Lunar Colony,Assault,17:55,0.0,1.0,0.0,4.0,16.0,17.74,None,10.0,10.43,None,00:39,01:34,None,12448.0,4927.0,Silver,0.0,6165.0,None,11.0,7.09
9,250,2421,2441,20.0,2419,2419,1.0,1.0,Support,,Win,5,No,Hanamura,Assault,12:53,1.0,0.0,0.0,4.0,5.0,17.68,None,5.0,10.41,None,01:07,01:34,None,975.0,4910.0,None,11140.0,6175.0,Gold,11.0,7.1
9,251,2441,2413,-28.0,2426,2418,2.0,2.0,Tank,,Loss,-1,No,Watchpoint: Gibraltar,Escort,06:34,0.0,0.0,1.0,4.0,2.0,17.65,None,0.0,10.38,None,00:38,01:34,Bronze,1874.0,4905.0,None,8.0,6162.0,None,8.0,7.11
9,252,2413,2389,-24.0,2391,2381,2.0,2.0,Support,,Loss,-2,No,Hollywood,Assault/Escort,17:00,0.0,1.0,0.0,4.0,24.0,17.63,None,14.0,10.37,None,03:08,01:34,None,8698.0,4907.0,None,12119.0,6168.0,Silver,16.0,7.12
9,253,2389,2368,-21.0,2353,P,1.0,1.0,Support,,Loss,-3,No,Lijiang Tower,Control,08:56,0.0,3.0,1.0,1.0,15.0,17.63,Silver,7.0,10.37,Silver,01:22,01:34,Bronze,2983.0,4903.0,None,7373.0,6175.0,Silver,11.0,7.14
9,254,2368,2393,25.0,2340,2346,2.0,3.0,Support,,Win,1,No,Route 66,Escort,14:47,2.0,2.0,0.0,1.0,38.0,22.0,Silver,23.0,13.14,Gold,02:42,01:34,Gold,7355.0,5420.0,None,13104.0,8438.0,Silver,11.0,6.54
9,255,2393,2421,28.0,2408,2408,1.0,1.0,Support,,Win,2,No,Horizon Lunar Colony,Assault,13:16,2.0,0.0,0.0,3.0,4.0,17.61,None,3.0,10.36,None,01:07,01:34,Gold,738.0,4884.0,None,16052.0,6214.0,Gold,6.0,7.13
9,256,2421,2396,-25.0,2403,2417,2.0,2.0,Offense,Support,Loss,-1,No,King's Row,Assault/Escort,09:13,0.0,1.0,0.0,4.0,8.0,17.58,None,3.0,10.33,None,00:26,01:34,None,2694.0,4879.0,None,1877.0,6201.0,Silver,10.0,7.14
9,257,2396,2368,-28.0,2416,2400,2.0,2.0,Offense,,Loss,-2,No,Ilios,Control,13:53,0.0,0.0,0.0,5.0,21.0,17.57,None,7.0,10.31,None,00:36,01:33,None,7300.0,4881.0,None,0.0,6174.0,None,14.0,7.15
9,258,2368,2343,-25.0,2362,2363,1.0,1.0,Offense,Defense,Loss,-3,No,Volskaya Industries,Assault,09:01,1.0,0.0,3.0,1.0,8.0,17.55,Bronze,2.0,10.29,Bronze,00:23,01:33,Gold,4386.0,4881.0,Bronze,0.0,6156.0,None,9.0,7.16
9,259,2343,2369,26.0,2339,2309,3.0,4.0,Support,,Win,1,No,Hanamura,Assault,11:29,1.0,1.0,2.0,1.0,31.0,22.01,Bronze,9.0,13.09,Silver,00:33,01:33,Bronze,5911.0,5415.0,None,8833.0,8435.0,Gold,3.0,6.53
9,260,2369,2353,-16.0,P,2337,5.0,4.0,Support,,Loss,-1,No,Route 66,Escort,05:50,2.0,1.0,0.0,2.0,15.0,22.02,Gold,7.0,13.09,Gold,00:57,01:33,None,2995.0,5414.0,None,4925.0,8434.0,Silver,4.0,6.53
9,261,2353,2383,30.0,2365,2356,2.0,2.0,Support,,Win,1,No,Oasis,Control,12:33,3.0,1.0,1.0,0.0,40.0,22.1,Gold,24.0,13.13,Gold,02:06,01:34,Gold,9164.0,5429.0,Bronze,10216.0,8434.0,Silver,6.0,6.52
9,262,2383,2407,24.0,2334,2357,2.0,2.0,Support,Tank,Win,2,No,Watchpoint: Gibraltar,Escort,21:11,1.0,1.0,1.0,2.0,3.0,17.63,None,23.0,10.32,Gold,04:06,01:33,Silver,8454.0,4887.0,None,6449.0,6154.0,Bronze,14.0,7.13
9,263,2407,2429,22.0,2455,2454,1.0,1.0,Support,,Win,3,No,King's Row,Assault/Escort,15:32,0.0,2.0,1.0,2.0,22.0,22.03,None,14.0,13.1,Bronze,02:07,01:33,Silver,6613.0,5419.0,None,14108.0,8440.0,Silver,12.0,6.53
9,264,2429,2450,21.0,2411,2416,2.0,2.0,Offense,Defense,Win,4,No,Lijiang Tower,Control,10:48,0.0,1.0,0.0,4.0,23.0,17.63,Silver,10.0,10.31,None,00:45,01:33,None,7855.0,4892.0,None,0.0,6145.0,None,8.0,7.14
9,265,2450,2427,-23.0,2421,2436,2.0,2.0,Defense,Tank,Loss,-1,No,Watchpoint: Gibraltar,Escort,11:42,2.0,0.0,2.0,1.0,12.0,17.6,Bronze,7.0,10.3,Gold,02:23,01:33,Gold,6040.0,4893.0,Bronze,0.0,6125.0,None,14.0,7.15
9,266,2427,2404,-23.0,2413,2409,1.0,1.0,Support,,Loss,-2,No,Horizon Lunar Colony,Assault,13:16,1.0,1.0,2.0,1.0,16.0,21.96,None,12.0,13.07,Bronze,00:51,01:33,Bronze,7678.0,5422.0,Silver,10899.0,8439.0,Gold,10.0,6.54
9,267,2404,2383,-21.0,2413,2404,1.0,1.0,Support,,Loss,-3,My team,Hollywood,Assault/Escort,18:46,2.0,2.0,1.0,0.0,35.0,21.93,Silver,21.0,13.05,Gold,05:13,01:34,Silver,9871.0,5422.0,Bronze,14750.0,8435.0,Gold,14.0,6.55
9,268,2383,2408,25.0,2367,2358,2.0,2.0,Support,,Win,1,No,Junkertown,Escort,11:45,2.0,2.0,1.0,0.0,26.0,21.93,Silver,20.0,13.08,Gold,02:38,01:34,Silver,6940.0,5425.0,Bronze,6075.0,8413.0,Gold,8.0,6.55
9,269,2408,2435,27.0,2432,2446,1.0,5.0,Tank,Support,Win,2,No,Nepal,Control,13:52,0.0,2.0,1.0,2.0,27.0,17.62,None,16.0,10.33,Bronze,02:02,01:33,Silver,6140.0,4902.0,None,7131.0,6138.0,Silver,11.0,7.16
9,270,2435,2411,-24.0,2403,2410,3.0,4.0,Tank,,Loss,-1,No,Route 66,Escort,15:19,1.0,1.0,1.0,2.0,14.0,17.58,None,7.0,10.3,Silver,03:01,01:33,Gold,6689.0,4899.0,Bronze,0.0,6109.0,None,13.0,7.17
9,271,2411,2432,21.0,2365,2377,2.0,3.0,Offense,Defense,Win,1,No,Numbani,Assault/Escort,18:04,0.0,1.0,0.0,4.0,34.0,17.58,None,17.0,10.3,None,02:00,01:33,None,16159.0,4922.0,Silver,0.0,6075.0,None,13.0,7.17
9,272,2432,2409,-23.0,2378,2362,3.0,4.0,Defense,Offense,Loss,-1,No,Route 66,Escort,16:55,2.0,1.0,0.0,2.0,42.0,17.62,Gold,28.0,10.33,Gold,01:35,01:33,None,16860.0,4948.0,Silver,361.0,6045.0,None,16.0,7.18
9,273,2409,2388,-21.0,2413,2414,1.0,1.0,Support,,Loss,-2,No,Ilios,Control,13:45,2.0,0.0,1.0,2.0,23.0,17.62,Bronze,20.0,10.35,Gold,02:18,01:33,None,6496.0,4947.0,None,12331.0,6058.0,Gold,12.0,7.19
9,274,2388,2366,-22.0,2372,2376,2.0,2.0,Defense,Support,Loss,-3,No,Blizzard World,Assault/Escort,13:01,0.0,1.0,0.0,4.0,14.0,17.59,None,9.0,10.34,None,02:15,01:33,None,5905.0,4946.0,None,5885.0,6052.0,Silver,15.0,7.2
9,275,2366,2392,26.0,2326,2327,1.0,1.0,Support,,Win,1,No,Hollywood,Assault/Escort,12:04,0.0,2.0,1.0,2.0,33.0,17.63,None,22.0,10.36,Bronze,03:56,01:34,Silver,6149.0,4947.0,None,10199.0,6061.0,Silver,7.0,7.2
9,276,2392,2365,-27.0,2368,2361,1.0,1.0,Tank,Offense,Loss,-1,No,Eichenwalde,Assault/Escort,14:34,0.0,1.0,2.0,2.0,14.0,17.59,Bronze,8.0,10.34,Silver,01:09,01:33,None,6094.0,4943.0,Bronze,0.0,6035.0,None,16.0,7.22
9,277,2365,2345,-20.0,2400,2408,3.0,2.0,Support,,Loss,-2,No,Oasis,Control,08:10,2.0,1.0,0.0,2.0,7.0,17.57,None,4.0,10.33,Silver,01:03,01:33,Gold,2256.0,4938.0,None,6578.0,6040.0,Gold,8.0,7.22
9,278,2345,2366,21.0,2341,2340,2.0,3.0,Support,,Win,1,No,Temple of Anubis,Assault,12:37,1.0,1.0,0.0,3.0,17.0,13.67,None,13.0,8.93,None,02:32,01:44,Gold,3742.0,3336.0,None,8578.0,8436.0,Silver,6.0,7.85
9,279,2366,2345,-21.0,2349,2356,3.0,3.0,Support,,Loss,-1,No,Route 66,Escort,17:42,2.0,1.0,1.0,1.0,34.0,17.57,Bronze,24.0,10.35,Gold,03:43,01:34,Silver,7088.0,4926.0,None,15757.0,6058.0,Gold,11.0,7.21
9,280,2345,2370,25.0,2341,2346,2.0,2.0,Support,,Win,1,No,King's Row,Assault/Escort,14:43,2.0,0.0,0.0,3.0,3.0,17.5,None,1.0,10.31,None,02:46,01:34,Gold,1084.0,4908.0,None,19599.0,6090.0,Gold,7.0,7.2
9,281,2370,2347,-23.0,2357,2357,1.0,1.0,Support,,Loss,-1,No,Oasis,Control,07:12,1.0,1.0,1.0,2.0,6.0,13.56,None,3.0,8.83,Silver,00:42,01:43,Bronze,2228.0,3333.0,None,4479.0,8393.0,Gold,9.0,7.95
9,282,2347,2325,-22.0,2347,2323,3.0,3.0,Tank,Support,Loss,-2,No,Eichenwalde,Assault/Escort,10:32,1.0,1.0,1.0,2.0,17.0,17.48,None,11.0,10.3,Bronze,03:29,01:34,Gold,4979.0,4904.0,None,2408.0,6079.0,Silver,12.0,7.22
9,283,2325,2343,18.0,2315,2310,2.0,3.0,Tank,,Win,1,No,Hanamura,Assault,11:08,0.0,1.0,1.0,3.0,16.0,11.33,None,9.0,6.05,None,01:32,02:13,Silver,6536.0,4686.0,Bronze,0.0,0.0,None,7.0,9.41
9,284,2343,2366,23.0,2367,2365,2.0,2.0,Offense,,Win,2,No,Blizzard World,Assault/Escort,15:37,1.0,3.0,1.0,0.0,32.0,17.48,Silver,17.0,10.29,Gold,02:40,01:34,Silver,13611.0,4925.0,Silver,1032.0,6035.0,Bronze,9.0,7.21
9,285,2366,2343,-23.0,2390,2389,1.0,2.0,Support,,Loss,-1,My team,Temple of Anubis,Assault,12:56,5.0,0.0,0.0,0.0,20.0,17.48,Gold,13.0,10.29,Gold,04:04,01:34,Gold,10579.0,4938.0,Gold,10033.0,6042.0,Gold,7.0,7.21
9,286,2343,2366,23.0,2335,2352,1.0,2.0,Tank,,Win,1,Enemy team,Oasis,Control,12:13,0.0,1.0,2.0,2.0,29.0,13.24,Bronze,18.0,6.43,Bronze,03:33,01:34,Silver,7378.0,4953.0,None,0.0,3.61,None,7.0,7.71
9,287,2366,2389,23.0,2352,2357,1.0,1.0,Tank,Support,Win,2,No,Hanamura,Assault,15:58,1.0,0.0,1.0,3.0,31.0,17.51,None,23.0,10.33,Bronze,01:33,01:34,None,7277.0,4941.0,None,9367.0,6021.0,Gold,11.0,7.2
9,288,2389,2367,-22.0,2358,2360,1.0,1.0,Support,,Loss,-1,No,Horizon Lunar Colony,Assault,,,,,,,,,,,,,,,,,,,,,,
9,289,2367,2395,28.0,2359,2335,2.0,2.0,Tank,,Win,1,No,Dorado,Escort,10:47,2.0,1.0,1.0,1.0,29.0,12.22,Silver,14.0,6.3,Gold,03:31,02:13,Gold,8133.0,4897.0,Bronze,0.0,0.0,None,7.0,9.23
9,290,2395,2422,27.0,2412,2409,1.0,2.0,Support,,Win,2,No,Watchpoint: Gibraltar,Escort,13:39,2.0,1.0,0.0,2.0,27.0,13.82,None,15.0,9.01,Gold,03:11,01:49,Gold,6400.0,3519.0,None,17227.0,8533.0,Silver,9.0,7.81
9,291,2422,2401,-21.0,2423,2425,2.0,2.0,Support,,Loss,-1,No,Numbani,Assault/Escort,17:13,3.0,0.0,0.0,2.0,22.0,13.78,None,14.0,8.98,Gold,03:35,01:50,Gold,6311.0,3526.0,None,11321.0,8447.0,Gold,14.0,7.83
9,292,2401,2377,-24.0,2413,2373,3.0,2.0,Support,,Loss,-2,No,Horizon Lunar Colony,Assault,12:26,3.0,0.0,0.0,2.0,18.0,13.8,None,4.0,8.8,Gold,00:33,01:47,Gold,4344.0,3527.0,None,9008.0,,Gold,10.0,7.84
9,293,2377,2404,27.0,2344,2349,3.0,2.0,Support,,Win,1,No,Lijiang Tower,Control,06:13,0.0,1.0,1.0,3.0,15.0,21.82,None,12.0,13.13,Bronze,01:13,01:34,None,2367.0,5389.0,None,5723.0,8446.0,Silver,4.0,6.58
9,294,2404,2381,-23.0,2379,P,5.0,6.0,Support,,Loss,-1,No,Junkertown,Escort,06:22,1.0,0.0,1.0,3.0,3.0,17.48,None,2.0,10.3,Bronze,00:48,01:35,None,1729.0,4929.0,None,6341.0,6060.0,Gold,7.0,7.21
9,295,2381,2404,23.0,2354,2322,3.0,3.0,Support,,Win,1,No,Hanamura,Assault,11:59,1.0,1.0,0.0,3.0,21.0,13.9,None,13.0,8.84,None,02:36,01:47,Gold,3235.0,3498.0,None,11085.0,8454.0,Silver,9.0,7.84
9,296,2404,2427,23.0,2414,2399,3.0,4.0,Support,,Win,2,No,Nepal,Control,10:07,0.0,1.0,1.0,3.0,19.0,17.48,None,12.0,10.3,None,01:20,01:35,Bronze,4028.0,4919.0,None,5855.0,6071.0,Silver,8.0,7.22
9,297,2427,2447,20.0,2383,2395,5.0,6.0,Tank,,Win,3,No,Oasis,Control,13:45,0.0,0.0,1.0,4.0,13.0,17.46,None,11.0,10.3,None,02:53,01:35,Bronze,6264.0,4918.0,None,0.0,6048.0,None,14.0,7.23
9,298,2447,2424,-23.0,2421,2416,2.0,2.0,Support,,Loss,-1,No,Oasis,Control,07:21,0.0,2.0,3.0,0.0,3.0,17.43,Bronze,2.0,10.28,Silver,00:43,01:35,Bronze,3364.0,4918.0,Bronze,4089.0,6047.0,Silver,10.0,7.24
9,299,2424,2405,-19.0,2453,2382,3.0,3.0,Support,,Loss,-2,No,Blizzard World,Assault/Escort,18:34,3.0,0.0,1.0,1.0,32.0,17.43,Bronze,20.0,10.28,Gold,04:37,01:35,Gold,9094.0,4918.0,None,20847.0,6074.0,Gold,18.0,7.26
9,300,2405,2385,-20.0,2390,2370,2.0,3.0,Support,Offense,Loss,-3,No,Route 66,Escort,05:33,3.0,1.0,0.0,1.0,6.0,17.42,Gold,3.0,10.28,Gold,00:56,01:35,Gold,3807.0,4921.0,None,3479.0,6074.0,Silver,6.0,7.26
9,301,2385,2361,-24.0,2370,2383,2.0,2.0,Defense,,Loss,-4,No,Hollywood,Assault/Escort,05:12,3.0,1.0,0.0,1.0,4.0,16.49,Gold,4.0,7.49,Gold,00:11,00:48,Silver,4976.0,8099.0,Gold,0.0,0.0,None,6.0,8.3
9,302,2361,2384,23.0,2416,2404,4.0,3.0,Support,,Win,1,No,Route 66,Escort,13:03,1.0,1.0,1.0,2.0,21.0,13.96,None,10.0,8.76,Bronze,02:39,01:50,Gold,4127.0,3524.0,None,11716.0,8476.0,Silver,8.0,7.98
9,303,2384,2406,22.0,2364,2357,2.0,2.0,Support,,Win,2,No,King's Row,Assault/Escort,05:37,0.0,3.0,1.0,1.0,13.0,14.08,Bronze,10.0,8.88,Silver,00:43,01:50,Silver,2068.0,3527.0,None,5034.0,8485.0,Silver,2.0,7.92
9,304,2406,2435,29.0,2403,2385,1.0,2.0,Support,,Win,3,No,Nepal,Control,09:34,1.0,2.0,0.0,2.0,17.0,14.16,None,10.0,8.91,Silver,01:38,01:50,Gold,3625.0,3533.0,None,10764.0,8544.0,Silver,7.0,7.91
9,305,2435,2453,18.0,2386,2402,2.0,2.0,Tank,,Win,4,No,Temple of Anubis,Assault,17:01,1.0,1.0,0.0,3.0,18.0,17.38,None,15.0,10.27,Silver,01:34,01:35,Gold,8117.0,4916.0,None,0.0,6067.0,None,13.0,7.26
9,306,2453,2480,27.0,2545,2538,2.0,2.0,Support,,Win,5,No,Horizon Lunar Colony,Assault,10:46,2.0,1.0,0.0,2.0,16.0,17.37,None,8.0,10.26,Gold,00:44,01:35,Gold,5045.0,4916.0,None,6426.0,6067.0,Silver,4.0,7.25
9,307,2480,2503,23.0,P,P,2.0,2.0,Tank,,Win,6,No,Oasis,Control,12:09,0.0,0.0,1.0,4.0,16.0,17.37,None,9.0,10.26,None,02:40,01:35,Bronze,6011.0,4920.0,None,0.0,6048.0,None,9.0,7.25
9,308,2503,2482,-21.0,2479,2477,1.0,1.0,Tank,,Loss,-1,No,Temple of Anubis,Assault,12:16,2.0,0.0,2.0,1.0,16.0,17.36,Bronze,13.0,10.26,Gold,02:56,01:35,Gold,8421.0,4926.0,Bronze,0.0,6028.0,None,12.0,7.26
9,309,2482,2456,-26.0,2447,2457,2.0,2.0,Support,,Loss,-2,No,Junkertown,Escort,15:20,0.0,1.0,1.0,3.0,10.0,17.31,None,3.0,10.22,None,02:17,01:35,Bronze,3378.0,4915.0,None,9435.0,6029.0,Silver,19.0,7.28
9,310,2456,2480,24.0,2476,2481,2.0,2.0,Support,,Win,1,Enemy team,Numbani,Assault/Escort,10:03,0.0,3.0,0.0,2.0,16.0,21.74,None,10.0,13.1,Silver,02:32,01:35,Silver,1770.0,5366.0,None,8639.0,8466.0,Silver,3.0,6.57
9,311,2480,2457,-23.0,2477,2484,2.0,3.0,Tank,,Loss,-1,No,Hollywood,Assault/Escort,16:46,1.0,0.0,1.0,3.0,33.0,17.32,None,24.0,10.24,Gold,06:07,01:36,Bronze,9571.0,4911.0,None,300.0,6010.0,None,11.0,7.27
9,312,2457,2480,23.0,2465,2466,2.0,2.0,Support,,Win,1,No,King's Row,Assault/Escort,16:39,0.0,1.0,0.0,4.0,26.0,17.31,None,13.0,10.23,None,02:41,01:36,None,9473.0,4914.0,None,14859.0,6023.0,Silver,9.0,7.26
9,313,2480,2456,-24.0,2471,2471,2.0,1.0,Support,,Loss,-1,No,Watchpoint: Gibraltar,Escort,05:12,0.0,1.0,0.0,4.0,3.0,17.3,None,0.0,10.22,None,00:19,01:36,None,2369.0,4914.0,None,3280.0,6024.0,Silver,4.0,7.26
9,314,2456,2428,-28.0,2469,2449,3.0,4.0,Tank,,Loss,-2,No,Ilios,Control,08:31,0.0,1.0,0.0,4.0,7.0,17.28,None,4.0,10.21,None,00:53,01:36,Silver,2335.0,4909.0,None,0.0,6010.0,None,8.0,7.27
10,1,P,P,,P,P,2.0,2.0,Support,,Win,1,No,Oasis,Control,08:31,1.0,2.0,0.0,2.0,20.0,23.87,None,17.0,20.29,Silver,03:15,03:53,Gold,5074.0,6056.0,None,8074.0,9636.0,Silver,6.0,7.16
10,2,P,P,,P,P,4.0,5.0,Support,,Loss,-1,No,Temple of Anubis,Assault,06:48,4.0,1.0,0.0,0.0,3.0,15.35,Silver,2.0,12.68,Gold,00:23,02:26,Gold,2257.0,4893.0,Gold,4461.0,8367.0,Gold,8.0,9.34
10,3,P,P,,P,P,3.0,3.0,Tank,,Win,1,No,Nepal,Control,12:56,0.0,0.0,2.0,3.0,21.0,15.95,None,11.0,10.87,Bronze,01:21,01:48,None,7610.0,5414.0,None,2132.0,5315.0,Bronze,10.0,8.7
10,4,P,P,,P,P,2.0,2.0,Tank,Offense,Loss,-1,No,Watchpoint: Gibraltar,Escort,14:02,1.0,0.0,0.0,4.0,17.0,14.69,None,8.0,9.15,None,03:50,02:07,Gold,7458.0,5396.0,None,0.0,3533.0,None,16.0,9.64
10,5,P,P,,P,P,3.0,3.0,Support,Tank,Win,1,No,Blizzard World,Assault/Escort,10:02,0.0,1.0,3.0,1.0,23.0,16.34,Bronze,11.0,9.53,Bronze,01:31,02:01,Bronze,2736.0,4890.0,None,3340.0,3503.0,Silver,5.0,8.75
10,6,P,P,,P,P,2.0,1.0,Support,,Loss,-1,No,Hanamura,Assault,10:11,1.0,1.0,0.0,3.0,4.0,14.33,None,0.0,7.98,None,00:38,01:47,Gold,1332.0,4309.0,None,7231.0,4109.0,Silver,10.0,8.95
10,7,P,P,,P,P,3.0,5.0,Defense,Tank,Loss,-2,My team,Hollywood,Assault/Escort,12:15,1.0,0.0,2.0,2.0,22.0,14.96,Bronze,9.0,7.89,Gold,01:48,01:44,None,8076.0,4697.0,Bronze,0.0,3432.0,None,10.0,8.84
10,8,P,P,,P,P,3.0,3.0,Tank,,Win,1,No,Junkertown,Escort,12:12,1.0,0.0,0.0,4.0,16.0,12.14,None,10.0,7.14,None,04:29,03:22,Gold,5460.0,4768.0,None,0.0,0.0,None,9.0,8.57
10,9,P,P,,P,P,3.0,3.0,Support,,Win,2,No,Route 66,Escort,09:56,0.0,3.0,1.0,1.0,15.0,14.21,Bronze,13.0,7.94,Silver,03:24,01:45,Silver,3458.0,2434.0,None,5106.0,5387.0,Silver,5.0,6.27
10,10,P,2414,,P,P,1.0,1.0,Support,,Loss,-1,No,King's Row,Assault/Escort,16:52,0.0,2.0,0.0,3.0,21.0,14.44,None,10.0,8.11,None,02:54,02:06,Silver,5805.0,4391.0,None,14575.0,4004.0,Silver,13.0,8.2
10,11,2414,2388,-26.0,2363,2363,4.0,3.0,Support,,Loss,-2,No,Temple of Anubis,Assault,21:00,1.0,2.0,1.0,1.0,28.0,14.38,Bronze,21.0,8.48,Silver,02:28,01:58,Silver,9310.0,4433.0,None,12353.0,4334.0,Gold,19.0,8.4
10,12,2388,2388,0.0,2355,2365,2.0,2.0,Support,Defense,Draw,0,No,King's Row,Assault/Escort,18:34,1.0,2.0,0.0,2.0,38.0,15.16,Silver,24.0,9.04,Gold,03:54,01:59,None,12659.0,4736.0,Silver,5858.0,4197.0,None,12.0,8.18
10,13,2388,2367,-21.0,2244,2243,1.0,1.0,Support,,Loss,-1,My team,Horizon Lunar Colony,Assault,10:32,2.0,2.0,1.0,0.0,11.0,14.86,Silver,4.0,8.71,Bronze,00:31,01:53,Gold,3899.0,4673.0,Silver,10583.0,4584.0,Gold,8.0,8.15
10,14,2367,2387,20.0,2341,2328,2.0,2.0,Tank,,Win,1,No,Lijiang Tower,Control,12:49,0.0,0.0,1.0,4.0,20.0,13.96,None,9.0,7.17,None,01:35,02:23,Bronze,7186.0,5231.0,None,0.0,0.0,None,11.0,8.68
10,15,2387,2363,-24.0,2363,2372,1.0,1.0,Support,,Loss,-1,No,Volskaya Industries,Assault,05:11,0.0,3.0,2.0,0.0,6.0,14.86,Bronze,1.0,8.41,Silver,00:42,01:50,Silver,2737.0,4771.0,Bronze,5223.0,4428.0,Silver,5.0,8.25
10,16,2363,2340,-23.0,2356,2362,2.0,2.0,Support,,Loss,-2,No,Volskaya Industries,Assault,14:58,1.0,1.0,1.0,2.0,19.0,14.73,None,11.0,8.35,Bronze,01:11,01:45,Silver,3527.0,4593.0,None,11179.0,4672.0,Gold,11.0,8.19
10,17,2340,2363,23.0,2347,2329,2.0,2.0,Support,,Win,1,No,Watchpoint: Gibraltar,Escort,08:57,0.0,2.0,0.0,3.0,8.0,14.48,None,2.0,8.08,None,02:54,01:49,Silver,1822.0,4483.0,None,8187.0,4875.0,Silver,3.0,7.98
10,18,2363,2337,-26.0,2356,2347,2.0,2.0,Support,,Loss,-1,No,Dorado,Escort,14:31,0.0,1.0,2.0,2.0,14.0,14.16,None,3.0,7.68,Bronze,02:13,01:48,Bronze,6462.0,4484.0,None,11876.0,5099.0,Silver,14.0,8.1
10,19,2337,2361,24.0,2292,2292,1.0,2.0,Tank,,Win,1,No,Lijiang Tower,Control,15:36,0.0,1.0,1.0,3.0,39.0,18.18,Bronze,25.0,10.53,None,02:09,02:01,None,12837.0,6387.0,Silver,0.0,0.0,None,15.0,9.09
10,20,2361,2339,-22.0,2343,2343,2.0,2.0,Tank,,Loss,-1,No,Eichenwalde,Assault/Escort,06:53,1.0,1.0,2.0,1.0,9.0,14.87,Silver,3.0,8.15,Bronze,00:24,01:45,Gold,2193.0,4700.0,None,693.0,4657.0,Bronze,6.0,8.23
10,21,2339,2364,25.0,2340,2336,3.0,3.0,Support,,Win,1,No,Hanamura,Assault,13:30,2.0,1.0,0.0,2.0,23.0,14.99,None,14.0,8.27,Gold,01:12,01:42,Silver,4917.0,4646.0,None,7702.0,4716.0,Gold,8.0,8.11
10,22,2364,2391,27.0,2384,2384,1.0,1.0,Support,,Win,2,Enemy team,Numbani,Assault/Escort,08:21,0.0,1.0,0.0,4.0,15.0,16.8,None,5.0,6.42,None,01:24,00:53,None,2423.0,3147.0,None,4315.0,5294.0,Silver,2.0,3.95
10,23,2391,2416,25.0,2380,2383,2.0,2.0,Support,,Win,3,No,Oasis,Control,06:33,1.0,1.0,1.0,2.0,16.0,15.28,None,7.0,9.73,Bronze,01:04,02:13,Silver,2515.0,3891.0,None,5681.0,8482.0,Gold,2.0,8.34
10,24,2416,2391,-25.0,2466,2431,2.0,3.0,Tank,,Loss,-1,No,King's Row,Assault/Escort,15:31,1.0,1.0,0.0,3.0,12.0,15.38,None,9.0,9.26,Silver,04:20,02:14,Gold,5357.0,5602.0,None,0.0,0.0,None,15.0,9.26
10,25,2391,2416,25.0,2363,2359,3.0,3.0,Tank,,Win,1,No,Ilios,Control,12:14,0.0,1.0,2.0,2.0,25.0,15.17,None,16.0,8.35,Bronze,02:34,01:47,Silver,6678.0,4560.0,None,2994.0,4484.0,Bronze,5.0,7.77
10,26,2416,2391,-25.0,2431,2435,4.0,3.0,Defense,Offense,Loss,-1,No,Eichenwalde,Assault/Escort,11:50,1.0,0.0,0.0,4.0,14.0,15.05,None,9.0,8.33,None,01:43,01:46,None,9594.0,4700.0,Gold,0.0,4312.0,None,15.0,7.97
10,27,2391,2368,-23.0,2356,2360,1.0,1.0,Tank,Support,Loss,-2,No,Blizzard World,Assault/Escort,20:53,1.0,2.0,0.0,2.0,36.0,15.21,None,20.0,8.42,Silver,05:08,01:49,Gold,10521.0,4729.0,None,12149.0,4415.0,Silver,15.0,7.93
10,28,2368,2346,-22.0,2342,P,1.0,1.0,Support,,Loss,-3,No,Horizon Lunar Colony,Assault,16:57,1.0,2.0,0.0,2.0,20.0,15.07,None,9.0,8.28,Silver,02:08,01:47,Gold,7022.0,4708.0,None,8191.0,4444.0,Silver,15.0,7.99
10,29,2346,2370,24.0,2362,2360,1.0,1.0,Tank,,Win,1,No,Blizzard World,Assault/Escort,12:49,2.0,0.0,1.0,2.0,21.0,15.12,Bronze,13.0,8.35,Gold,03:17,01:49,Gold,7154.0,4741.0,None,0.0,4285.0,None,9.0,7.95
10,30,2370,2346,-24.0,2348,2362,2.0,2.0,Tank,,Loss,-1,No,Route 66,Escort,21:23,1.0,1.0,1.0,2.0,26.0,14.97,None,13.0,8.23,Silver,05:44,01:52,Gold,12730.0,4816.0,Bronze,0.0,4046.0,None,15.0,7.91
10,31,2346,2365,19.0,2346,2350,2.0,2.0,Tank,,Win,1,No,Temple of Anubis,Assault,14:58,0.0,0.0,2.0,3.0,14.0,13.47,None,7.0,7.09,None,01:04,01:59,Bronze,7414.0,5749.0,Bronze,0.0,0.0,None,12.0,8.71
10,32,2365,2341,-24.0,2350,2343,2.0,2.0,Support,,Loss,-1,No,Eichenwalde,Assault/Escort,15:03,0.0,2.0,1.0,2.0,17.0,14.63,None,9.0,8.02,Silver,03:02,01:50,Bronze,6971.0,4817.0,None,11964.0,4044.0,Silver,16.0,8.02
10,33,2341,2367,26.0,P,2330,2.0,3.0,Tank,,Win,1,Enemy team,Junkertown,Escort,07:37,0.0,1.0,1.0,3.0,29.0,15.25,None,11.0,7.63,None,02:38,02:05,Silver,4537.0,5772.0,Bronze,0.0,0.0,None,0.0,8.1
10,34,2367,2389,22.0,2313,2310,1.0,1.0,Support,,Win,2,No,Nepal,Control,06:06,0.0,1.0,2.0,2.0,14.0,16.59,None,10.0,10.24,Bronze,00:43,02:13,Bronze,2065.0,4013.0,None,4519.0,8312.0,Silver,4.0,8.37
10,35,2389,2409,20.0,P,P,2.0,2.0,Support,,Win,3,No,King's Row,Assault/Escort,15:57,0.0,1.0,1.0,3.0,23.0,15.17,None,10.0,8.19,None,02:48,01:51,Bronze,6678.0,4798.0,None,11350.0,4137.0,Silver,14.0,7.89
10,36,2409,2432,23.0,2458,2457,1.0,1.0,Tank,,Win,4,No,Hollywood,Assault/Escort,12:53,1.0,0.0,2.0,2.0,24.0,15.63,None,16.0,8.15,Bronze,03:31,02:09,Gold,8340.0,5854.0,Bronze,0.0,0.0,None,8.0,7.9
10,37,2432,2432,0.0,2449,2417,2.0,3.0,Tank,,Draw,0,No,Hanamura,Assault,08:14,0.0,1.0,0.0,4.0,7.0,15.19,None,2.0,7.79,None,00:09,02:02,None,6614.0,6004.0,Silver,0.0,0.0,None,7.0,7.95
10,38,2432,2408,-24.0,2450,2448,4.0,2.0,Support,,Loss,-1,No,Oasis,Control,13:28,1.0,2.0,0.0,2.0,19.0,15.14,None,13.0,8.26,Silver,02:21,01:51,Gold,4398.0,4864.0,None,10127.0,4053.0,Silver,15.0,7.96
10,39,2408,2388,-20.0,2498,2499,1.0,1.0,Support,,Loss,-2,No,Lijiang Tower,Control,14:21,1.0,0.0,1.0,3.0,17.0,15.05,None,9.0,8.21,None,01:32,01:49,Bronze,3895.0,4803.0,None,12688.0,4198.0,Gold,14.0,8.02
10,40,2388,2409,21.0,2346,2365,2.0,2.0,Tank,Defense,Win,1,No,Watchpoint: Gibraltar,Escort,20:22,0.0,1.0,1.0,3.0,35.0,15.15,None,16.0,8.2,None,06:12,01:52,Bronze,13891.0,4889.0,Silver,0.0,4032.0,None,12.0,7.94
10,41,2409,2435,26.0,2353,2341,1.0,2.0,Support,,Win,2,No,Eichenwalde,Assault/Escort,05:17,2.0,1.0,1.0,1.0,18.0,15.35,Silver,1.0,8.14,Bronze,00:16,01:52,Gold,2807.0,4895.0,None,5756.0,4105.0,Gold,1.0,7.88
10,42,2435,2462,27.0,2543,2541,1.0,1.0,Tank,,Win,3,No,Rialto,Escort,15:41,1.0,1.0,0.0,3.0,30.0,15.35,None,15.0,7.88,Silver,05:37,02:11,Gold,9824.0,5977.0,None,0.0,0.0,None,9.0,7.88
10,43,2462,2437,-25.0,P,P,1.0,1.0,Support,Defense,Loss,-1,No,Horizon Lunar Colony,Assault,14:38,0.0,2.0,1.0,2.0,11.0,15.27,None,5.0,8.06,Bronze,01:20,01:53,Silver,5377.0,4909.0,None,7807.0,4024.0,Silver,17.0,7.93
10,44,2437,2460,23.0,P,P,2.0,2.0,Tank,,Win,1,No,Hanamura,Assault,14:46,1.0,0.0,3.0,1.0,40.0,16.44,Bronze,24.0,8.65,Bronze,02:58,02:10,Gold,11751.0,6163.0,Bronze,0.0,0.0,None,7.0,7.6
10,45,2460,2430,-30.0,2518,2513,1.0,2.0,Tank,,Loss,-1,No,Eichenwalde,Assault/Escort,16:21,1.0,0.0,0.0,4.0,11.0,15.55,None,7.0,8.25,None,04:31,02:13,Gold,7073.0,5997.0,None,0.0,0.0,None,17.0,7.86
10,46,2430,2402,-28.0,2433,2439,1.0,1.0,Defense,Tank,Loss,-2,No,Ilios,Control,08:37,0.0,0.0,3.0,2.0,12.0,15.32,None,6.0,8.15,Bronze,00:25,01:54,None,5126.0,4989.0,Bronze,1844.0,3781.0,Bronze,6.0,7.91
10,47,2402,2423,21.0,2195,2203,1.0,1.0,Tank,,Win,1,No,Junkertown,Escort,18:21,0.0,2.0,1.0,2.0,28.0,15.32,None,11.0,8.09,Bronze,05:04,01:55,Silver,12457.0,5045.0,Silver,0.0,3665.0,None,11.0,7.85
10,48,2423,2401,-22.0,P,P,3.0,3.0,Defense,Offense,Loss,-1,No,Lijiang Tower,Control,06:14,4.0,0.0,0.0,1.0,10.0,15.33,Gold,3.0,8.06,Gold,00:24,01:55,Gold,5268.0,5082.0,Gold,307.0,3633.0,None,7.0,7.89
10,49,2401,2380,-21.0,2473,2476,3.0,2.0,Support,,Loss,-2,No,Route 66,Escort,10:47,1.0,2.0,0.0,2.0,9.0,15.21,None,5.0,8.0,Silver,03:51,01:56,Silver,3896.0,5057.0,None,8691.0,3712.0,Gold,9.0,7.9
10,50,2380,2402,22.0,2323,2337,2.0,4.0,Tank,,Win,1,No,Dorado,Escort,17:35,0.0,1.0,2.0,2.0,38.0,15.4,Bronze,21.0,8.11,Silver,05:31,01:58,Bronze,11332.0,5100.0,None,0.0,3611.0,None,10.0,7.84
10,51,2402,2377,-25.0,P,P,2.0,2.0,Support,,Loss,-1,No,King's Row,Assault/Escort,16:43,0.0,1.0,1.0,3.0,25.0,15.39,None,10.0,8.06,Bronze,01:48,01:57,None,8439.0,5099.0,None,5728.0,3607.0,Silver,17.0,7.91
10,52,2377,2398,21.0,2394,2402,2.0,3.0,Support,Tank,Win,1,No,Watchpoint: Gibraltar,Escort,16:02,0.0,1.0,2.0,2.0,26.0,15.42,None,15.0,8.09,Silver,02:04,01:56,Bronze,6614.0,5077.0,None,2550.0,3559.0,Bronze,11.0,7.88
10,53,2398,2375,-23.0,2563,2559,1.0,1.0,Tank,,Loss,-1,No,Hanamura,Assault,07:15,2.0,1.0,0.0,2.0,6.0,15.18,Silver,3.0,8.13,Gold,01:08,02:12,Gold,5203.0,6212.0,None,0.0,0.0,None,8.0,7.94
10,54,2375,2352,-23.0,2355,2355,2.0,2.0,Support,,Loss,-2,No,Nepal,Control,14:49,1.0,1.0,0.0,3.0,17.0,15.27,None,7.0,7.98,None,01:40,01:55,Gold,5752.0,5077.0,None,7029.0,3549.0,Silver,11.0,7.91
10,55,2352,2379,27.0,2368,2354,1.0,2.0,Support,,Win,1,No,Volskaya Industries,Assault,05:44,0.0,3.0,1.0,1.0,14.0,15.06,Bronze,4.0,8.56,Silver,00:19,02:09,Silver,2654.0,3815.0,None,5191.0,7726.0,Silver,2.0,8.74
10,56,2379,2402,23.0,2355,2359,3.0,2.0,Offense,Defense,Win,2,No,Rialto,Escort,13:01,1.0,1.0,0.0,3.0,28.0,15.46,Silver,8.0,7.95,None,02:13,01:54,None,13547.0,5174.0,Gold,0.0,3530.0,None,10.0,7.87
10,57,2402,2432,30.0,2411,2417,3.0,3.0,Support,,Win,3,No,Ilios,Control,09:09,3.0,0.0,1.0,1.0,19.0,15.51,Bronze,15.0,9.16,Gold,02:51,02:13,Gold,4044.0,3865.0,None,7629.0,7781.0,Gold,3.0,8.33
10,58,2432,2457,25.0,2404,2413,2.0,1.0,Support,,Win,4,No,King's Row,Assault/Escort,15:21,1.0,0.0,0.0,4.0,22.0,15.51,None,9.0,8.01,None,01:57,01:54,None,4924.0,5125.0,None,13154.0,3698.0,Gold,10.0,7.79
10,59,2457,2486,29.0,2473,P,1.0,1.0,Support,Tank,Win,5,No,Temple of Anubis,Assault,14:17,2.0,0.0,2.0,1.0,35.0,15.69,Gold,17.0,8.09,Bronze,02:16,01:54,Gold,9440.0,5156.0,None,7543.0,3731.0,Bronze,8.0,7.75
10,60,2486,2521,35.0,2448,2475,2.0,4.0,Support,,Win,6,No,Lijiang Tower,Control,07:30,2.0,2.0,1.0,0.0,27.0,21.5,Silver,14.0,10.33,Silver,01:01,01:34,Gold,4619.0,5395.0,Bronze,5893.0,9387.0,Gold,3.0,7.09
10,61,2521,2553,32.0,P,2529,2.0,2.0,Support,,Win,7,No,Watchpoint: Gibraltar,Escort,09:05,2.0,0.0,2.0,1.0,11.0,15.86,None,6.0,8.18,Gold,01:43,01:54,Bronze,6051.0,5186.0,Bronze,9409.0,3853.0,Gold,3.0,7.66
10,62,2553,2573,20.0,2531,2533,1.0,1.0,Support,,Win,8,No,Route 66,Escort,05:21,0.0,2.0,0.0,3.0,0.0,0.0,None,0.0,0.0,None,00:50,01:08,Silver,0.0,148.0,None,4202.0,8718.0,Silver,1.0,6.87
10,63,2573,2598,25.0,2623,2621,2.0,2.0,Support,,Win,9,No,Blizzard World,Assault/Escort,12:36,3.0,0.0,1.0,1.0,34.0,15.94,Bronze,13.0,8.16,Gold,03:12,01:54,Gold,5284.0,5136.0,None,8875.0,3934.0,Gold,4.0,7.55
10,64,2598,2623,25.0,2584,2576,3.0,2.0,Support,,Win,10,No,Hollywood,Assault/Escort,19:07,3.0,0.0,1.0,1.0,56.0,16.27,Gold,33.0,8.39,Gold,03:49,01:54,Bronze,11540.0,5161.0,None,17258.0,4060.0,Gold,12.0,7.53
10,65,2623,2623,0.0,2535,2531,2.0,2.0,Support,,Draw,0,No,Volskaya Industries,Assault,18:23,2.0,1.0,1.0,1.0,33.0,16.32,Silver,18.0,8.42,Gold,02:00,01:53,Bronze,8172.0,5149.0,None,14700.0,4152.0,Gold,10.0,7.49
10,66,2623,2595,-28.0,2540,2560,3.0,4.0,Defense,Tank,Loss,-1,No,Hollywood,Assault/Escort,11:55,0.0,0.0,1.0,4.0,10.0,16.21,None,4.0,8.35,None,01:36,01:53,Bronze,4565.0,5130.0,None,0.0,4092.0,None,12.0,7.52
10,67,2595,2572,-23.0,2450,2456,2.0,2.0,Support,,Loss,-2,No,Blizzard World,Assault/Escort,13:31,2.0,1.0,0.0,2.0,26.0,16.26,Gold,5.0,8.28,Silver,01:18,01:52,None,7805.0,5141.0,None,13316.0,4186.0,Gold,9.0,7.51
10,68,2572,2596,24.0,2489,2488,1.0,2.0,Support,,Win,1,No,Volskaya Industries,Assault,13:47,2.0,1.0,0.0,2.0,25.0,16.29,None,12.0,8.29,Silver,01:54,01:52,Gold,5795.0,5127.0,None,13205.0,4274.0,Gold,8.0,7.48
10,69,2596,2614,18.0,2488,2487,1.0,2.0,Tank,,Win,2,No,Oasis,Control,07:55,0.0,0.0,2.0,3.0,11.0,15.48,None,3.0,8.25,None,01:13,02:12,Bronze,4013.0,6238.0,Bronze,0.0,0.0,None,5.0,7.88
10,70,2614,2593,-21.0,2719,2713,1.0,1.0,Support,,Loss,-1,No,Dorado,Escort,15:39,1.0,2.0,1.0,1.0,26.0,16.29,Bronze,16.0,8.29,Silver,05:00,01:53,Silver,5450.0,5101.0,None,12774.0,4309.0,Gold,9.0,7.45
10,71,2593,2615,22.0,2632,2638,2.0,1.0,Support,,Win,1,No,Ilios,Control,11:30,1.0,0.0,0.0,4.0,9.0,16.18,None,5.0,8.24,None,01:03,01:52,None,1360.0,5051.0,None,9971.0,4366.0,Gold,8.0,7.44
10,72,2615,2634,19.0,2660,2661,2.0,2.0,Support,,Win,2,Enemy team,King's Row,Assault/Escort,,,,,,,,,,,,,,,,,,,,,,
10,73,2634,2612,-22.0,2717,2717,1.0,2.0,Tank,Defense,Loss,-1,No,Temple of Anubis,Assault,16:28,3.0,0.0,1.0,1.0,24.0,16.13,Gold,8.0,8.17,Gold,01:26,01:51,Gold,7929.0,5036.0,None,2279.0,4313.0,Bronze,13.0,7.45
10,74,2612,2637,25.0,2641,2644,3.0,3.0,Tank,,Win,1,No,Oasis,Control,09:22,1.0,0.0,3.0,1.0,21.0,16.2,Bronze,15.0,8.25,Bronze,02:05,01:51,Gold,4007.0,5029.0,Bronze,0.0,4269.0,None,6.0,7.44
10,75,2637,2662,25.0,2688,2687,2.0,3.0,Support,,Win,2,No,Lijiang Tower,Control,15:43,1.0,2.0,0.0,2.0,31.0,16.26,None,21.0,8.34,Silver,03:15,01:51,Gold,7282.0,5024.0,None,12537.0,4334.0,Silver,11.0,7.44
10,76,2662,2638,-24.0,2710,P,2.0,2.0,Support,,Loss,-1,No,Watchpoint: Gibraltar,Escort,12:19,1.0,1.0,1.0,2.0,18.0,16.24,None,7.0,8.31,Gold,01:11,01:51,Bronze,4445.0,5006.0,None,9593.0,4379.0,Silver,10.0,7.45
10,77,2638,2613,-25.0,2761,2757,2.0,1.0,Support,,Loss,-2,No,Route 66,Escort,14:47,3.0,0.0,0.0,2.0,17.0,16.17,None,12.0,8.31,Gold,04:36,01:52,Gold,4039.0,4972.0,None,10495.0,4422.0,Gold,8.0,7.42
10,78,2613,2635,22.0,2593,2577,2.0,2.0,Tank,,Win,1,No,Horizon Lunar Colony,Assault,13:26,0.0,0.0,2.0,3.0,19.0,15.49,None,10.0,8.4,Bronze,01:16,02:08,Bronze,6954.0,6105.0,None,0.0,0.0,None,10.0,7.85
10,79,2635,2656,21.0,2651,2648,2.0,2.0,Support,,Win,2,No,Dorado,Escort,16:12,0.0,2.0,0.0,3.0,21.0,16.1,None,8.0,8.24,None,03:57,01:52,Silver,5437.0,4951.0,None,9800.0,4391.0,Silver,14.0,7.44
10,80,2656,2631,-25.0,2686,2708,1.0,2.0,Tank,,Loss,-1,No,Lijiang Tower,Control,14:05,0.0,1.0,2.0,2.0,25.0,16.13,Bronze,16.0,8.29,None,02:25,01:52,Silver,7398.0,4957.0,None,1412.0,4345.0,Bronze,8.0,7.42
10,81,2631,2607,-24.0,2594,P,1.0,2.0,Support,Offense,Loss,-2,No,Hollywood,Assault/Escort,06:12,1.0,0.0,3.0,1.0,7.0,16.1,Bronze,2.0,8.26,Bronze,00:05,01:51,None,2104.0,4948.0,Bronze,6831.0,4387.0,Gold,5.0,7.42
10,82,2607,2630,23.0,2623,2624,2.0,2.0,Support,,Win,1,No,Dorado,Escort,05:48,1.0,0.0,1.0,3.0,1.0,16.02,None,1.0,8.23,None,00:38,01:51,Bronze,160.0,4922.0,None,4852.0,4410.0,Gold,2.0,7.4
10,83,2630,2655,25.0,2664,2642,4.0,5.0,Tank,,Win,2,No,Junkertown,Escort,13:57,2.0,0.0,2.0,1.0,30.0,15.83,Bronze,16.0,8.57,Gold,05:52,02:15,Gold,9534.0,6149.0,Bronze,0.0,0.0,None,6.0,7.66
10,84,2655,2679,24.0,2696,2695,3.0,4.0,Support,,Win,3,No,Volskaya Industries,Assault,10:54,0.0,3.0,0.0,2.0,18.0,16.12,None,12.0,8.3,Silver,01:30,01:52,Silver,4161.0,4940.0,None,5897.0,4365.0,Silver,8.0,7.37
10,85,2679,2656,-23.0,2693,2693,1.0,1.0,Support,,Loss,-1,No,Nepal,Control,06:39,0.0,1.0,2.0,2.0,5.0,15.82,Bronze,0.0,9.41,None,00:18,02:16,Bronze,2767.0,3829.0,None,4797.0,7677.0,Silver,6.0,8.29
10,86,2656,2678,22.0,2632,P,4.0,3.0,Tank,,Win,1,No,Horizon Lunar Colony,Assault,12:03,1.0,2.0,1.0,1.0,29.0,16.16,Bronze,13.0,8.28,Silver,01:19,01:51,Gold,9973.0,4976.0,Silver,0.0,4335.0,None,8.0,7.37
10,87,2678,2652,-26.0,2626,2596,1.0,1.0,Tank,Offense,Loss,-1,No,Numbani,Assault/Escort,15:24,0.0,0.0,0.0,5.0,19.0,16.11,None,11.0,8.27,None,01:52,01:51,None,7659.0,4976.0,None,882.0,4281.0,None,10.0,7.36
10,88,2652,2675,23.0,2642,2646,2.0,1.0,Tank,,Win,1,No,Oasis,Control,09:26,2.0,1.0,0.0,2.0,19.0,16.1,None,9.0,8.53,Gold,01:04,02:09,Gold,6691.0,6307.0,Silver,0.0,0.0,None,7.0,7.64
10,89,2675,2650,-25.0,2664,2655,2.0,2.0,Tank,,Loss,-1,No,Ilios,Control,09:30,0.0,0.0,1.0,4.0,10.0,16.1,None,2.0,8.23,None,00:47,01:50,Bronze,3942.0,4990.0,None,0.0,4208.0,None,10.0,7.39
10,90,2650,2672,22.0,2655,2655,2.0,2.0,Support,,Win,1,No,Watchpoint: Gibraltar,Escort,12:26,0.0,1.0,0.0,4.0,14.0,16.05,None,7.0,8.2,None,01:48,01:50,None,2964.0,4961.0,None,7984.0,4234.0,Silver,11.0,7.41
10,91,2672,2649,-23.0,2638,2640,2.0,2.0,Support,Tank,Loss,-1,No,Horizon Lunar Colony,Assault,06:28,2.0,1.0,1.0,1.0,3.0,15.98,Silver,1.0,8.16,Gold,00:07,01:49,Gold,2388.0,4954.0,Bronze,262.0,4212.0,None,6.0,7.42
10,92,2649,2623,-26.0,2637,2648,3.0,3.0,Support,,Loss,-2,No,Temple of Anubis,Assault,12:27,1.0,2.0,0.0,2.0,20.0,15.99,None,6.0,8.13,Silver,00:32,01:48,Gold,3527.0,4931.0,None,9359.0,4250.0,Silver,6.0,7.39
10,93,2623,2600,-23.0,2595,2600,4.0,4.0,Support,,Loss,-3,No,King's Row,Assault/Escort,17:26,1.0,0.0,1.0,3.0,22.0,15.94,None,14.0,8.13,None,03:09,01:48,Bronze,6230.0,4913.0,None,15533.0,4323.0,Gold,12.0,7.39
10,94,2600,2575,-25.0,2593,2586,2.0,2.0,Tank,Support,Loss,-4,No,Oasis,Control,05:49,2.0,0.0,0.0,3.0,2.0,15.88,None,1.0,8.1,Gold,00:21,01:48,None,3038.0,4915.0,None,2640.0,4325.0,Gold,6.0,7.4
10,95,2575,2598,23.0,2592,2596,2.0,2.0,Support,,Win,1,No,Horizon Lunar Colony,Assault,15:02,1.0,2.0,0.0,2.0,33.0,15.96,None,12.0,8.1,Gold,01:47,01:47,Silver,4697.0,4892.0,None,12928.0,4381.0,Silver,9.0,7.39
10,96,2598,2617,19.0,2585,2553,2.0,4.0,Tank,,Win,2,No,Watchpoint: Gibraltar,Escort,10:44,0.0,0.0,0.0,5.0,18.0,15.97,None,6.0,8.08,None,01:25,01:47,None,2866.0,4872.0,None,0.0,4341.0,None,6.0,7.37
10,97,2617,2593,-24.0,2596,2603,3.0,4.0,Tank,,Loss,-1,No,Volskaya Industries,Assault,12:59,0.0,1.0,1.0,3.0,14.0,15.92,None,7.0,8.05,None,01:21,01:47,Silver,7549.0,4883.0,Bronze,0.0,4294.0,None,11.0,7.38
10,98,2593,2569,-24.0,2585,2588,1.0,1.0,Support,,Loss,-2,No,Rialto,Escort,11:27,1.0,1.0,2.0,1.0,14.0,15.88,None,8.0,8.04,Bronze,03:11,01:47,Silver,6147.0,4889.0,Bronze,6793.0,4310.0,Gold,10.0,7.4
10,99,2569,2543,-26.0,P,2577,2.0,2.0,Support,Offense,Loss,-3,No,Route 66,Escort,11:56,1.0,0.0,3.0,1.0,25.0,15.93,Bronze,13.0,8.07,Gold,01:20,01:47,None,7635.0,4904.0,Bronze,3760.0,4299.0,Bronze,11.0,7.42
